0,0,0,0,209.7,95.3,"6' 0""",182
1,0,1,7,143,65,"5' 5""",164
1,0,2,7,201.5,91.6,"5' 9""",174
0,1,3,1,133.8,60.8,"5' 6""",168
0,2,2,1,244,110.9,"6' 0""",183
1,3,4,3,140.1,63.7,"5' 2""",157
1,4,4,3,124.5,56.6,"5' 3""",160
1,3,5,3,181.3,82.4,"5' 6""",167
1,3,6,1,152.5,69.3,"5' 8""",173
0,4,7,7,215.6,98,"5' 6""",167
1,3,11,7,183.7,83.5,"5' 4""",163
0,4,3,3,161.7,73.5,"5' 6""",167
1,3,6,1,211.2,96,"5' 5""",164
1,3,8,6,178.6,81.2,"5' 2""",157
0,4,2,1,161.5,73.4,"5' 8""",172
1,5,7,3,202.6,92.1,"5' 4""",163
1,4,2,4,176,80,"5' 7""",170
1,2,1,7,208.1,94.6,"5' 2""",157
1,6,3,3,178.9,81.3,"5' 3""",161
0,4,10,6,198.9,90.4,"6' 0""",184
0,3,2,3,200,90.9,"6' 2""",189
1,6,8,1,185,84.1,"5' 8""",173
0,4,0,4,202.2,91.9,"6' 2""",187
1,1,0,1,136,61.8,"5' 7""",169
1,6,7,7,174,79.1,"5' 4""",163
1,5,9,7,147.6,67.1,"5' 1""",155
0,2,4,6,178.4,81.1,"5' 7""",171
0,0,2,1,171.4,77.9,"5' 7""",171
1,7,8,3,211.6,96.2,"5' 2""",157
1,6,3,7,211.4,96.1,"5' 7""",171
0,7,2,7,241.6,109.8,"5' 10""",177
1,0,4,3,155.5,70.7,"5' 7""",170
0,4,5,7,141.9,64.5,"5' 10""",178
0,0,5,4,176,80,"5' 6""",167
1,6,9,3,127.4,57.9,"5' 7""",169
0,6,10,3,246.4,112,"5' 10""",178
0,8,10,0,238.7,108.5,"5' 8""",173
0,6,2,7,150,68.2,"5' 5""",165
0,5,7,7,203.7,92.6,"5' 5""",165
1,8,1,6,108.7,49.4,"5' 9""",175
0,7,5,6,180.6,82.1,"5' 8""",173
0,7,4,3,148.1,67.3,"6' 0""",182
0,3,3,1,195.1,88.7,"6' 0""",183
1,6,4,4,128.9,58.6,"5' 2""",158
1,2,0,3,214.3,97.4,"5' 2""",158
0,6,4,3,221.1,100.5,"5' 10""",179
1,4,1,7,189.6,86.2,"5' 2""",158
0,7,4,7,145.4,66.1,"5' 5""",165
0,2,7,3,178.9,81.3,"5' 11""",181
1,3,3,1,160.8,73.1,"5' 1""",156
1,6,0,1,211.4,96.1,"5' 5""",166
1,9,11,1,126.9,57.7,"5' 3""",160
1,6,5,7,195.8,89,"5' 2""",157
1,7,5,1,121.9,55.4,"5' 9""",175
1,6,0,3,130.2,59.2,"5' 4""",163
1,7,9,3,114.6,52.1,"5' 1""",154
0,2,11,1,222,100.9,"5' 7""",169
1,7,4,1,164.6,74.8,"5' 6""",168
1,6,11,3,127.4,57.9,"5' 4""",163
0,6,2,3,249,113.2,"5' 6""",168
1,10,6,7,202.8,92.2,"5' 1""",154
0,9,1,3,194.3,88.3,"6' 0""",183
1,4,10,1,130.5,59.3,"5' 3""",160
1,0,0,3,163.2,74.2,"5' 1""",154
0,7,9,7,194.7,88.5,"5' 9""",176
0,3,9,4,164.8,74.9,"5' 8""",173
0,3,8,1,200,90.9,"5' 9""",176
0,4,9,3,226.6,103,"5' 9""",175
1,2,5,6,211.6,96.2,"5' 3""",160
1,8,6,7,217.6,98.9,"5' 4""",162
0,5,9,7,182.2,82.8,"5' 11""",181
1,2,2,7,130.2,59.2,"5' 6""",168
0,2,0,0,208.3,94.7,"5' 8""",172
0,6,9,4,157.1,71.4,"6' 0""",183
0,6,9,1,146.5,66.6,"5' 7""",169
1,6,11,7,187.2,85.1,"5' 6""",167
1,9,11,1,156.2,71,"5' 6""",167
0,6,7,1,216,98.2,"5' 7""",170
1,7,6,7,173.1,78.7,"5' 4""",163
0,10,10,7,139,63.2,"6' 0""",182
0,7,2,7,215.4,97.9,"6' 1""",186
1,5,1,6,217.4,98.8,"5' 6""",168
0,6,10,3,208.6,94.8,"5' 8""",172
0,6,10,1,160.4,72.9,"6' 0""",182
1,3,10,3,132.2,60.1,"5' 2""",158
0,4,7,4,224.8,102.2,"6' 0""",184
0,10,11,7,150.5,68.4,"5' 7""",170
0,8,1,3,180.4,82,"5' 6""",167
0,4,1,3,168.1,76.4,"6' 2""",187
1,6,9,7,200.6,91.2,"5' 7""",170
0,6,8,1,224.2,101.9,"6' 1""",186
1,4,10,1,174.9,79.5,"5' 2""",157
0,3,3,3,204.2,92.8,"5' 7""",170
1,3,3,3,109.6,49.8,"5' 1""",156
1,1,5,7,183,83.2,"5' 6""",168
1,3,11,7,143.4,65.2,"5' 0""",153
0,0,9,4,242.7,110.3,"5' 5""",166
1,5,0,1,122.8,55.8,"5' 7""",171
0,1,11,2,127.4,57.9,"6' 2""",189
0,3,11,3,221.8,100.8,"6' 1""",186
1,1,7,6,215.2,97.8,"5' 7""",170
1,3,7,6,175.1,79.6,"5' 6""",168
1,4,1,7,126.1,57.3,"5' 4""",163
1,6,2,7,156.4,71.1,"5' 4""",162
0,6,1,7,203.7,92.6,"5' 11""",180
0,0,10,0,164.6,74.8,"5' 6""",167
0,4,7,7,182.8,83.1,"6' 1""",185
0,2,5,3,216.3,98.3,"5' 4""",162
0,7,3,3,204.8,93.1,"5' 9""",175
0,4,7,3,208.8,94.9,"5' 7""",170
0,6,3,1,204.8,93.1,"5' 7""",170
1,2,5,7,121.7,55.3,"5' 6""",168
1,7,6,1,102.1,46.4,"5' 5""",165
1,7,10,7,215.8,98.1,"5' 3""",159
1,6,5,7,122.3,55.6,"5' 5""",164
1,1,9,7,139,63.2,"5' 5""",164
1,4,10,7,151.6,68.9,"5' 2""",158
1,3,3,3,165.7,75.3,"5' 2""",158
0,6,9,1,150,68.2,"6' 1""",185
0,8,1,7,142.6,64.8,"5' 10""",177
0,6,6,1,196,89.1,"5' 7""",169
1,4,4,3,117.3,53.3,"5' 2""",157
0,6,10,3,226.8,103.1,"5' 6""",167
1,7,8,4,137.7,62.6,"5' 1""",154
0,4,10,7,180.8,82.2,"5' 5""",165
1,8,0,2,176.2,80.1,"5' 3""",159
1,8,4,7,124.1,56.4,"5' 5""",164
0,3,3,4,144.1,65.5,"5' 10""",179
1,6,6,7,197.1,89.6,"5' 6""",167
1,2,7,1,107.1,48.7,"5' 2""",158
1,4,10,7,119.7,54.4,"4' 11""",151
1,4,11,3,129.4,58.8,"5' 5""",165
0,7,1,7,152.9,69.5,"5' 7""",171
1,7,5,1,139.3,63.3,"5' 8""",173
1,7,10,7,115.3,52.4,"5' 3""",160
1,7,8,1,150.7,68.5,"5' 8""",172
0,6,4,1,163.2,74.2,"5' 7""",170
0,2,6,1,159.5,72.5,"6' 0""",183
0,3,4,3,153.6,69.8,"5' 7""",170
1,10,8,3,198.9,90.4,"5' 5""",164
1,8,7,7,149.6,68,"5' 2""",157
0,3,8,3,196.2,89.2,"6' 2""",188
0,3,1,1,216.9,98.6,"5' 5""",164
1,7,10,1,170.7,77.6,"5' 4""",162
0,0,3,1,184.8,84,"5' 5""",165
0,3,11,1,132.9,60.4,"6' 2""",187
0,1,1,3,246.2,111.9,"5' 10""",177
0,7,10,1,203.9,92.7,"6' 1""",185
0,4,3,7,223.5,101.6,"5' 11""",180
1,6,7,1,150.3,68.3,"5' 1""",154
0,7,7,1,140.8,64,"6' 2""",189
1,0,10,1,191.2,86.9,"5' 2""",157
1,7,7,7,214.7,97.6,"5' 2""",158
1,2,0,1,198.4,90.2,"5' 5""",165
0,6,4,0,185.9,84.5,"5' 7""",169
1,5,0,1,123.2,56,"5' 5""",165
0,3,3,1,180.4,82,"5' 5""",166
0,5,5,1,225.3,102.4,"5' 11""",181
0,4,11,7,136.4,62,"5' 8""",173
0,3,8,7,205.7,93.5,"5' 10""",178
1,7,4,7,169.8,77.2,"5' 0""",153
0,4,4,1,165.7,75.3,"6' 2""",188
1,6,3,1,189.4,86.1,"5' 4""",163
0,4,9,1,143.2,65.1,"5' 11""",180
0,2,10,0,177.3,80.6,"5' 6""",168
1,2,5,2,142.1,64.6,"5' 7""",169
1,2,6,7,174.5,79.3,"5' 3""",159
0,4,8,1,213.2,96.9,"5' 7""",171
0,6,6,7,152.9,69.5,"5' 10""",178
1,7,4,7,143.7,65.3,"5' 6""",168
1,5,2,1,181.5,82.5,"5' 1""",156
0,6,5,1,152.5,69.3,"5' 7""",171
1,7,2,4,150.3,68.3,"5' 6""",167
1,0,8,1,208.8,94.9,"5' 1""",156
1,6,10,1,165.9,75.4,"5' 6""",167
0,6,1,0,215.6,98,"5' 7""",170
1,6,3,4,218.9,99.5,"5' 6""",168
0,7,3,1,147.2,66.9,"5' 9""",174
1,11,11,1,150,68.2,"5' 5""",166
0,6,9,7,245.1,111.4,"5' 8""",172
1,4,11,3,216.3,98.3,"5' 7""",171
1,4,7,3,225.1,102.3,"5' 7""",169
0,6,3,3,168.3,76.5,"6' 1""",186
1,3,0,1,166.3,75.6,"5' 5""",164
1,7,6,1,170.3,77.4,"4' 11""",150
0,3,6,7,198.2,90.1,"5' 4""",163
1,4,7,7,214.1,97.3,"5' 7""",169
0,7,10,3,195.6,88.9,"5' 7""",171
1,9,9,1,215.8,98.1,"5' 9""",174
0,5,5,3,144.5,65.7,"5' 7""",170
0,7,9,3,158.2,71.9,"5' 9""",175
0,3,0,1,145.2,66,"5' 7""",171
0,7,8,1,158.2,71.9,"6' 2""",188
0,6,6,3,198.7,90.3,"5' 7""",170
0,5,6,1,228.4,103.8,"6' 0""",182
0,3,4,3,185.9,84.5,"5' 8""",172
1,3,9,2,167.6,76.2,"5' 2""",158
0,3,7,7,207.9,94.5,"6' 2""",188
1,7,6,7,130.9,59.5,"5' 6""",167
1,4,10,4,190.1,86.4,"5' 7""",169
0,5,7,3,139.7,63.5,"6' 0""",183
0,6,5,7,156.9,71.3,"6' 1""",185
1,3,5,7,121,55,"5' 6""",168
0,9,0,1,170.5,77.5,"5' 7""",169
0,7,6,7,136.8,62.2,"5' 8""",173
1,5,11,7,123,55.9,"5' 4""",162
0,7,10,3,145,65.9,"5' 8""",173
0,3,4,3,235.2,106.9,"5' 7""",169
0,2,9,7,238.5,108.4,"5' 11""",181
0,6,0,7,186.3,84.7,"5' 9""",174
0,9,4,1,216.3,98.3,"5' 10""",178
1,7,5,3,148.9,67.7,"5' 5""",164
0,9,9,7,149.8,68.1,"6' 1""",185
0,0,7,4,154.9,70.4,"5' 9""",175
0,4,2,4,214.1,97.3,"6' 0""",182
1,7,0,7,128.3,58.3,"5' 3""",159
1,4,8,1,151.8,69,"5' 9""",174
1,3,7,7,217.8,99,"5' 6""",168
0,3,5,7,228.6,103.9,"5' 9""",174
0,3,8,3,158.6,72.1,"5' 9""",174
1,10,6,3,214.5,97.5,"5' 9""",174
0,10,0,3,140.8,64,"5' 7""",171
1,11,6,7,144.3,65.6,"5' 2""",158
1,8,8,1,211,95.9,"5' 2""",158
0,3,11,4,210.8,95.8,"6' 2""",189
1,9,4,3,160.6,73,"5' 1""",155
0,1,2,7,160.2,72.8,"5' 11""",181
1,4,11,0,228.1,103.7,"5' 1""",156
1,0,7,6,141,64.1,"5' 5""",164
1,6,6,7,129.4,58.8,"5' 1""",154
0,11,4,1,217.4,98.8,"5' 6""",167
0,7,5,7,133.3,60.6,"6' 1""",185
1,4,8,7,196.5,89.3,"5' 4""",162
1,3,6,3,124.5,56.6,"5' 0""",153
0,9,8,7,228.1,103.7,"5' 10""",179
1,3,5,1,181.3,82.4,"5' 9""",175
0,7,11,7,235.6,107.1,"5' 6""",167
0,4,8,0,159.3,72.4,"6' 0""",183
1,3,9,3,233.6,106.2,"5' 1""",156
0,7,5,6,188.1,85.5,"5' 5""",164
0,3,10,1,222.9,101.3,"5' 9""",176
1,2,2,7,201.1,91.4,"5' 5""",166
1,6,8,7,201.3,91.5,"5' 5""",164
1,3,1,7,206.4,93.8,"5' 6""",167
0,0,4,7,214.3,97.4,"5' 7""",170
0,4,9,7,205.5,93.4,"5' 11""",180
0,7,10,3,198.2,90.1,"6' 0""",184
0,5,7,1,143.9,65.4,"5' 8""",172
0,4,2,3,218.7,99.4,"5' 11""",181
0,5,3,3,222.6,101.2,"5' 7""",169
1,9,11,1,182.8,83.1,"5' 2""",157
0,6,0,3,223.3,101.5,"5' 8""",172
0,6,5,1,171.6,78,"5' 11""",181
0,4,9,1,142.8,64.9,"5' 5""",164
0,4,0,7,236.5,107.5,"5' 8""",173
1,0,0,7,224.2,101.9,"5' 7""",170
1,7,6,2,201.3,91.5,"5' 2""",157
1,5,1,3,125.6,57.1,"5' 9""",174
0,7,5,3,215.8,98.1,"6' 2""",188
0,5,0,1,191.6,87.1,"6' 2""",188
1,1,9,7,144.1,65.5,"5' 8""",172
0,4,3,7,148.3,67.4,"5' 8""",172
1,4,1,7,202,91.8,"5' 9""",174
0,7,9,1,169.4,77,"5' 6""",167
1,3,11,3,154.7,70.3,"5' 9""",174
0,6,3,7,202.6,92.1,"5' 8""",173
1,7,8,4,214.7,97.6,"5' 1""",156
0,0,8,3,228.6,103.9,"5' 9""",176
0,9,9,3,162.4,73.8,"5' 9""",174
0,10,2,3,223.7,101.7,"5' 4""",163
1,6,11,3,211,95.9,"5' 5""",165
1,5,11,1,164.6,74.8,"5' 2""",158
1,2,1,3,153.1,69.6,"5' 4""",162
1,11,10,1,124.5,56.6,"5' 4""",163
0,3,6,3,224,101.8,"5' 10""",179
0,4,10,7,152.2,69.2,"5' 8""",173
0,4,9,1,220.7,100.3,"6' 2""",187
0,11,0,1,136.2,61.9,"5' 9""",176
1,6,9,7,137.5,62.5,"5' 5""",164
0,0,0,1,152,69.1,"6' 0""",182
1,2,3,7,196.5,89.3,"5' 5""",165
0,6,4,1,196.9,89.5,"6' 0""",182
1,4,6,7,200.9,91.3,"5' 5""",165
0,3,8,7,145.2,66,"5' 9""",174
1,7,2,1,141.5,64.3,"5' 5""",165
1,6,1,7,120.1,54.6,"5' 4""",162
1,3,0,3,207.2,94.2,"5' 2""",158
0,7,9,3,197.1,89.6,"5' 10""",178
1,3,1,6,157.3,71.5,"5' 1""",155
0,10,6,4,179.5,81.6,"5' 9""",176
0,7,1,7,218.2,99.2,"5' 10""",179
1,7,4,7,182.6,83,"5' 1""",155
1,7,2,1,128,58.2,"5' 6""",167
1,4,7,1,208.6,94.8,"5' 4""",162
1,4,6,4,219.1,99.6,"5' 7""",171
1,2,4,7,156.9,71.3,"5' 7""",170
1,7,5,3,176.4,80.2,"5' 4""",163
1,9,10,1,195.6,88.9,"5' 2""",158
1,2,9,1,213.8,97.2,"5' 4""",162
1,4,4,3,178.6,81.2,"5' 3""",159
0,7,7,1,222.6,101.2,"5' 8""",173
0,3,2,7,188.8,85.8,"5' 7""",170
0,3,9,3,221.1,100.5,"5' 10""",179
0,3,7,1,138.8,63.1,"5' 8""",173
1,7,10,7,153.8,69.9,"5' 2""",158
0,11,2,3,197.3,89.7,"6' 2""",188
1,6,3,1,162.8,74,"5' 7""",169
1,6,8,3,120.8,54.9,"5' 3""",159
0,4,4,3,207,94.1,"5' 7""",170
1,6,4,1,177.1,80.5,"5' 5""",165
1,4,9,7,221.3,100.6,"5' 5""",164
1,11,3,3,126.1,57.3,"5' 4""",162
0,6,2,3,189,85.9,"5' 9""",176
1,2,2,1,125.6,57.1,"5' 3""",159
1,6,3,4,112.6,51.2,"5' 7""",169
0,5,4,7,190.5,86.6,"5' 9""",175
0,0,1,3,226.8,103.1,"5' 11""",180
0,6,6,7,233.6,106.2,"5' 9""",176
1,11,0,7,216.7,98.5,"5' 6""",168
0,4,9,6,192.5,87.5,"5' 11""",180
0,7,0,1,141.9,64.5,"5' 5""",164
1,7,4,7,180.6,82.1,"5' 6""",167
1,6,10,6,147,66.8,"5' 8""",173
1,8,8,7,216,98.2,"5' 5""",166
1,3,9,3,196.9,89.5,"5' 2""",157
0,6,8,3,247.3,112.4,"6' 2""",187
0,5,0,7,254.1,115.5,"5' 10""",177
0,4,7,7,240.2,109.2,"6' 3""",190
1,11,11,7,212.7,96.7,"5' 5""",164
0,0,8,3,137.1,62.3,"6' 0""",182
0,3,8,1,147.6,67.1,"5' 9""",176
0,1,7,7,157.5,71.6,"6' 0""",182
1,7,7,7,109.3,49.7,"5' 6""",167
1,3,2,1,182.2,82.8,"5' 7""",171
1,7,2,6,121.2,55.1,"5' 0""",152
0,0,5,7,163.9,74.5,"5' 8""",173
1,11,10,3,114.2,51.9,"5' 7""",171
0,6,4,7,247.1,112.3,"5' 6""",167
0,5,4,1,179.7,81.7,"6' 0""",184
1,6,2,1,138.4,62.9,"5' 7""",171
0,6,6,3,145.4,66.1,"5' 9""",175
0,4,6,3,199.5,90.7,"5' 8""",172
0,6,8,1,155.5,70.7,"6' 0""",184
1,5,9,7,135.5,61.6,"5' 2""",157
1,7,8,4,228.1,103.7,"5' 9""",175
1,8,4,1,210.1,95.5,"5' 7""",171
1,5,10,7,229.9,104.5,"5' 5""",166
1,3,11,7,185.2,84.2,"5' 5""",165
1,2,3,1,204.6,93,"5' 7""",170
1,10,9,7,134.9,61.3,"5' 9""",174
1,5,9,4,181.5,82.5,"5' 6""",168
0,7,9,4,142.8,64.9,"5' 10""",178
1,3,10,1,221.5,100.7,"5' 4""",162
1,7,8,7,198.9,90.4,"5' 4""",162
0,3,10,4,185.2,84.2,"5' 10""",179
1,8,11,7,227.9,103.6,"5' 7""",170
0,1,3,1,152.9,69.5,"6' 0""",184
1,3,5,7,113.3,51.5,"5' 6""",167
1,6,11,7,186.6,84.8,"5' 5""",165
1,4,8,3,150.5,68.4,"5' 5""",166
0,6,7,1,196.7,89.4,"5' 7""",170
0,0,9,4,203.1,92.3,"5' 7""",169
1,6,1,3,176,80,"5' 5""",165
1,3,5,7,160.4,72.9,"5' 8""",173
1,6,1,7,159.5,72.5,"5' 3""",159
1,7,11,1,136.6,62.1,"5' 8""",173
0,3,1,7,168.3,76.5,"5' 7""",169
0,6,8,1,196.2,89.2,"6' 2""",189
0,6,11,7,227.7,103.5,"5' 11""",181
0,1,11,7,189.6,86.2,"5' 9""",174
1,0,4,1,107.4,48.8,"5' 9""",175
0,0,4,4,226.6,103,"5' 9""",175
0,7,7,1,163.2,74.2,"5' 8""",173
0,3,9,7,202.6,92.1,"6' 0""",184
0,11,11,7,161,73.2,"5' 9""",175
1,6,5,7,137.3,62.4,"5' 4""",162
1,7,10,1,129.6,58.9,"5' 1""",154
1,4,9,1,120.8,54.9,"5' 3""",160
1,4,0,7,124.3,56.5,"5' 7""",171
0,11,7,1,147.6,67.1,"5' 6""",168
1,4,5,1,174.2,79.2,"5' 6""",167
0,4,4,6,159.9,72.7,"5' 9""",175
1,2,11,1,175.3,79.7,"5' 8""",172
1,6,3,3,126.5,57.5,"5' 4""",163
1,7,8,7,203.1,92.3,"5' 7""",169
1,4,4,7,154,70,"5' 8""",173
0,6,10,1,182.2,82.8,"5' 6""",168
0,6,6,1,165.4,75.2,"5' 7""",171
0,7,3,5,249.3,113.3,"5' 7""",169
0,6,6,1,152.7,69.4,"5' 8""",173
1,10,0,1,168.5,76.6,"5' 7""",171
0,5,3,1,212.3,96.5,"5' 6""",168
0,6,9,3,185.5,84.3,"5' 4""",163
1,7,1,7,149.8,68.1,"5' 7""",169
1,4,7,5,187.9,85.4,"5' 2""",158
1,7,2,1,196.5,89.3,"5' 3""",159
1,5,7,7,176.9,80.4,"5' 2""",158
1,9,11,6,129.8,59,"5' 7""",169
0,7,4,7,121,55,"5' 7""",170
1,2,4,7,165.2,75.1,"5' 5""",166
0,4,5,7,199.1,90.5,"6' 3""",190
0,7,7,3,212.1,96.4,"5' 7""",169
1,4,3,3,120.6,54.8,"5' 1""",155
1,0,11,1,207.2,94.2,"5' 5""",164
1,2,0,7,117.7,53.5,"5' 3""",159
1,0,10,7,110,50,"5' 3""",161
1,6,8,3,170.3,77.4,"5' 6""",167
0,9,1,3,137.3,62.4,"5' 8""",173
1,3,10,1,139,63.2,"5' 3""",159
1,7,3,1,147.2,66.9,"5' 2""",157
0,7,8,7,191.6,87.1,"6' 1""",185
0,2,1,7,162.1,73.7,"6' 0""",184
0,0,4,7,209,95,"6' 0""",182
0,3,1,7,134.2,61,"5' 7""",171
0,4,8,1,242.9,110.4,"6' 1""",186
0,9,0,7,189.6,86.2,"6' 2""",189
0,0,11,1,129.6,58.9,"6' 2""",189
1,8,5,1,187.7,85.3,"5' 7""",169
1,3,0,6,119.2,54.2,"5' 3""",159
1,4,2,7,219.6,99.8,"5' 4""",162
1,6,6,1,163.5,74.3,"5' 9""",174
1,2,5,3,166.5,75.7,"5' 2""",157
1,0,6,1,117.9,53.6,"5' 3""",161
0,4,11,7,134.2,61,"5' 11""",180
1,6,8,3,125.8,57.2,"5' 5""",164
0,6,10,7,222.6,101.2,"6' 2""",188
0,3,5,3,151.8,69,"5' 10""",177
0,7,6,1,199.5,90.7,"6' 0""",183
1,4,6,3,150,68.2,"5' 7""",170
1,3,2,7,115.3,52.4,"5' 3""",159
1,6,7,7,199.1,90.5,"5' 3""",160
1,9,4,7,142.3,64.7,"5' 5""",164
0,10,3,7,193.4,87.9,"5' 10""",177
1,7,5,7,187.7,85.3,"5' 1""",154
0,7,3,3,160.2,72.8,"5' 10""",178
1,6,10,1,178.6,81.2,"5' 1""",156
0,2,11,7,241.8,109.9,"5' 10""",178
1,2,9,1,203.1,92.3,"5' 5""",164
0,3,8,7,141,64.1,"5' 8""",173
1,7,8,7,195.6,88.9,"5' 8""",173
0,6,0,3,188.5,85.7,"5' 6""",167
0,2,1,7,142.6,64.8,"6' 0""",184
0,6,11,7,210.5,95.7,"6' 0""",183
1,3,1,1,176.2,80.1,"5' 5""",164
1,3,7,7,229.2,104.2,"5' 1""",156
0,6,7,3,155.5,70.7,"6' 0""",184
0,3,1,7,183.7,83.5,"6' 2""",189
0,7,10,6,216.7,98.5,"5' 10""",179
0,0,1,7,188.8,85.8,"6' 1""",185
1,0,6,1,156.9,71.3,"5' 5""",165
1,6,2,3,139.3,63.3,"5' 6""",167
1,8,3,6,177.3,80.6,"5' 7""",170
1,5,1,7,199.5,90.7,"5' 3""",159
1,4,9,3,185.9,84.5,"5' 2""",158
1,4,4,4,225.7,102.6,"5' 5""",164
0,4,7,1,131.3,59.7,"5' 5""",166
1,4,8,7,126.1,57.3,"5' 3""",159
0,5,2,6,210.8,95.8,"6' 0""",183
1,3,7,4,153.1,69.6,"5' 2""",157
1,5,3,7,203.9,92.7,"5' 7""",169
1,6,8,3,173.4,78.8,"5' 1""",155
1,7,0,4,175.8,79.9,"5' 6""",168
1,5,8,2,99.4,45.2,"5' 2""",158
1,7,10,3,193.2,87.8,"5' 2""",157
1,8,6,7,104.3,47.4,"5' 1""",155
0,7,1,3,167.2,76,"5' 8""",173
1,10,4,3,210.1,95.5,"5' 6""",167
1,10,1,7,205.5,93.4,"5' 1""",156
1,4,6,3,130.7,59.4,"5' 5""",165
1,10,0,7,176.4,80.2,"5' 4""",163
0,4,9,4,133.3,60.6,"5' 5""",164
1,2,6,7,125.4,57,"5' 3""",159
0,4,1,7,185.9,84.5,"6' 0""",182
1,3,4,1,119.2,54.2,"5' 1""",155
1,2,7,3,179.7,81.7,"5' 3""",159
0,1,3,6,150,68.2,"6' 0""",183
0,3,3,7,217.1,98.7,"5' 10""",178
1,2,1,3,118.8,54,"5' 0""",152
1,2,2,3,120.1,54.6,"5' 3""",159
0,4,5,7,154.7,70.3,"6' 2""",187
1,0,7,7,113.3,51.5,"5' 7""",171
0,6,4,3,171.8,78.1,"5' 7""",170
0,4,8,3,189,85.9,"6' 1""",186
1,4,7,3,201.3,91.5,"5' 3""",159
0,9,0,2,233.4,106.1,"5' 10""",177
0,6,5,7,194,88.2,"5' 6""",167
1,1,5,7,110.7,50.3,"5' 1""",154
0,5,2,7,202,91.8,"5' 9""",176
1,9,6,4,120.1,54.6,"5' 6""",168
0,7,10,1,177.8,80.8,"5' 7""",170
1,5,1,3,154.4,70.2,"5' 7""",169
0,4,3,7,232.8,105.8,"5' 7""",171
0,0,11,1,139,63.2,"5' 9""",175
1,6,0,3,226.2,102.8,"5' 7""",170
1,4,0,7,137.5,62.5,"5' 2""",158
1,6,4,7,185.5,84.3,"5' 3""",159
0,10,7,0,210.1,95.5,"5' 9""",175
0,0,4,7,209.9,95.4,"6' 0""",184
0,7,0,1,166.3,75.6,"5' 6""",168
1,3,0,3,166.8,75.8,"5' 3""",160
1,7,6,7,191.6,87.1,"5' 4""",162
0,10,7,7,156,70.9,"5' 9""",174
0,7,11,1,156.4,71.1,"5' 6""",167
1,2,7,7,132.7,60.3,"5' 1""",154
0,7,1,7,165.7,75.3,"5' 7""",171
0,2,1,2,172.9,78.6,"6' 1""",185
1,7,6,1,168.3,76.5,"5' 4""",162
0,10,0,3,143.9,65.4,"5' 10""",178
0,8,2,4,145.4,66.1,"5' 5""",165
0,11,7,1,159.7,72.6,"5' 9""",175
1,6,6,7,112.9,51.3,"5' 6""",168
1,9,2,1,144.5,65.7,"5' 9""",175
0,2,0,7,219.3,99.7,"5' 10""",177
1,5,8,7,203.9,92.7,"4' 11""",151
1,6,11,1,125.2,56.9,"5' 5""",166
0,3,3,1,178.6,81.2,"5' 5""",164
0,7,8,7,170.5,77.5,"6' 0""",182
0,6,8,3,203.7,92.6,"5' 8""",173
0,4,4,3,243.3,110.6,"5' 7""",169
1,9,8,7,114.2,51.9,"5' 5""",165
0,6,7,1,209.2,95.1,"6' 2""",188
1,4,1,7,221.5,100.7,"5' 6""",168
0,11,8,1,156.6,71.2,"5' 9""",176
1,4,0,7,215.2,97.8,"5' 7""",169
0,7,2,3,199.5,90.7,"5' 7""",171
0,0,0,6,250.4,113.8,"6' 2""",188
0,0,4,3,211.9,96.3,"5' 7""",171
0,3,8,1,212.7,96.7,"5' 6""",167
1,4,9,7,205.5,93.4,"5' 7""",170
0,0,3,2,233,105.9,"5' 10""",179
1,4,2,0,138.6,63,"5' 0""",152
0,0,9,1,183.5,83.4,"6' 2""",187
1,4,10,7,128.5,58.4,"5' 4""",162
0,7,7,7,206.4,93.8,"5' 6""",167
0,6,7,3,184.1,83.7,"5' 6""",168
1,6,1,7,150.7,68.5,"5' 7""",170
0,1,0,7,165,75,"5' 8""",173
1,4,7,1,225.5,102.5,"5' 7""",169
1,5,2,3,190.3,86.5,"5' 4""",163
1,0,11,7,150,68.2,"5' 4""",162
1,3,3,7,130.2,59.2,"5' 1""",155
1,9,11,3,150.9,68.6,"5' 1""",155
0,7,8,7,202.8,92.2,"5' 11""",180
0,6,1,5,191,86.8,"6' 0""",183
0,0,3,1,221.1,100.5,"5' 4""",162
1,6,8,7,194.5,88.4,"5' 1""",155
1,5,1,6,197.3,89.7,"4' 11""",151
0,10,5,1,222.9,101.3,"5' 9""",176
0,9,11,1,176,80,"5' 10""",177
1,9,9,7,150.7,68.5,"5' 1""",156
0,7,2,7,154.7,70.3,"5' 7""",171
0,6,2,7,152.7,69.4,"6' 1""",185
1,6,10,1,146.5,66.6,"5' 1""",156
0,3,8,7,245.7,111.7,"6' 0""",183
0,2,9,3,217.6,98.9,"6' 0""",184
1,3,2,1,227.3,103.3,"5' 1""",155
1,0,4,7,186.1,84.6,"5' 7""",171
1,2,11,1,179.3,81.5,"5' 9""",175
0,2,6,7,205,93.2,"5' 7""",169
1,5,4,7,135.5,61.6,"5' 8""",172
1,4,1,7,191.4,87,"5' 9""",174
1,4,6,1,176,80,"5' 2""",158
1,6,5,3,174.7,79.4,"5' 7""",169
1,3,9,7,170.7,77.6,"5' 5""",164
0,7,8,3,182.4,82.9,"5' 9""",176
0,8,6,3,205.3,93.3,"5' 8""",173
1,9,9,3,221.8,100.8,"4' 11""",151
0,2,10,6,196.7,89.4,"5' 10""",179
0,7,9,4,145.9,66.3,"5' 9""",174
1,2,10,7,161.7,73.5,"5' 0""",152
0,7,11,7,159.7,72.6,"5' 6""",168
0,11,10,1,257,116.8,"6' 2""",187
1,11,6,3,141.7,64.4,"5' 5""",164
0,1,5,3,178,80.9,"6' 3""",190
0,3,0,3,224,101.8,"5' 11""",180
1,4,0,7,133.3,60.6,"5' 3""",159
1,0,4,1,171.8,78.1,"5' 6""",167
0,3,7,3,157.5,71.6,"5' 10""",178
0,11,0,1,195.4,88.8,"6' 2""",188
0,1,5,1,199.8,90.8,"5' 6""",168
0,3,8,3,150.5,68.4,"5' 11""",181
0,2,9,2,150.5,68.4,"5' 11""",181
1,7,4,7,200.9,91.3,"5' 3""",159
0,6,9,7,174.7,79.4,"5' 8""",172
1,6,3,1,113.7,51.7,"5' 2""",158
1,4,1,1,119.5,54.3,"5' 5""",166
0,6,3,1,165.9,75.4,"6' 0""",184
0,6,3,7,132,60,"6' 3""",190
0,6,3,1,143.7,65.3,"5' 10""",178
0,2,11,7,239.8,109,"5' 6""",167
0,6,10,7,205.7,93.5,"5' 9""",176
0,4,3,2,209.4,95.2,"5' 8""",172
0,0,1,7,203.3,92.4,"6' 0""",184
1,6,9,1,145,65.9,"5' 7""",170
0,3,1,1,175.1,79.6,"5' 6""",167
1,10,6,7,109.8,49.9,"5' 6""",167
1,7,4,1,114,51.8,"5' 5""",164
0,6,2,2,232.3,105.6,"5' 9""",176
0,6,6,3,198,90,"5' 5""",166
0,6,11,3,231,105,"6' 0""",184
0,6,10,7,231.7,105.3,"5' 7""",171
0,8,4,1,223.1,101.4,"5' 10""",178
0,6,1,6,225.1,102.3,"5' 10""",177
0,7,4,4,132.4,60.2,"5' 6""",168
0,4,0,3,233,105.9,"6' 1""",185
0,4,0,7,240.7,109.4,"5' 8""",173
0,0,8,7,206.8,94,"5' 7""",171
1,3,3,3,129.4,58.8,"5' 4""",162
0,3,8,7,233,105.9,"6' 0""",184
1,11,11,7,137.5,62.5,"5' 3""",161
0,7,4,7,135.5,61.6,"5' 7""",170
0,4,7,7,226.6,103,"6' 2""",187
1,6,4,7,169.8,77.2,"5' 5""",166
1,3,1,3,117,53.2,"5' 3""",161
0,2,5,1,148.9,67.7,"5' 8""",173
0,4,9,6,201.7,91.7,"5' 9""",175
1,7,3,0,183.9,83.6,"5' 5""",164
0,4,1,1,176.9,80.4,"5' 5""",164
0,5,9,1,160.8,73.1,"5' 11""",181
1,2,2,7,119.9,54.5,"5' 5""",165
1,10,8,6,165,75,"5' 2""",158
0,4,10,1,143.7,65.3,"6' 0""",182
0,4,7,6,183.3,83.3,"5' 8""",173
1,6,10,3,163.2,74.2,"5' 0""",153
1,5,5,7,170.7,77.6,"5' 4""",162
0,6,5,7,145.6,66.2,"5' 11""",180
1,6,5,7,134.6,61.2,"5' 2""",157
0,6,1,7,147.6,67.1,"5' 11""",180
0,5,3,7,243.5,110.7,"5' 9""",174
1,4,11,3,134.6,61.2,"5' 1""",155
0,5,11,6,182.2,82.8,"5' 7""",171
0,6,0,7,144.3,65.6,"5' 10""",178
0,4,4,1,176.9,80.4,"5' 6""",167
0,4,1,7,204.4,92.9,"5' 11""",181
0,7,0,3,127.8,58.1,"5' 10""",179
0,4,3,1,234.7,106.7,"6' 2""",188
0,4,5,3,156.6,71.2,"5' 11""",180
0,6,4,7,138.8,63.1,"6' 0""",183
1,3,11,7,200,90.9,"5' 3""",160
1,6,0,3,138.6,63,"5' 3""",161
1,4,6,7,204.2,92.8,"5' 5""",166
1,5,0,1,173.4,78.8,"5' 1""",156
0,4,3,1,130.2,59.2,"5' 9""",176
0,2,4,3,208.3,94.7,"5' 11""",180
0,9,2,6,145.4,66.1,"5' 7""",171
1,0,4,7,145.2,66,"5' 0""",153
0,3,11,1,210.8,95.8,"6' 3""",190
1,4,0,7,145,65.9,"5' 0""",153
1,7,10,3,174.2,79.2,"5' 3""",161
1,4,3,3,133.5,60.7,"5' 7""",171
0,0,9,7,243.5,110.7,"5' 11""",180
1,4,10,6,112.9,51.3,"5' 7""",170
0,3,7,3,230.1,104.6,"6' 2""",188
0,6,5,7,200.9,91.3,"6' 0""",182
1,7,11,2,215.6,98,"5' 7""",170
1,2,2,1,147.2,66.9,"5' 6""",168
0,2,4,7,158.8,72.2,"5' 8""",172
0,1,6,1,141.2,64.2,"5' 5""",166
1,7,1,3,213.8,97.2,"5' 5""",166
0,10,3,1,182.6,83,"5' 9""",175
1,3,4,1,191.6,87.1,"5' 3""",159
0,6,5,7,162.8,74,"6' 0""",183
0,9,3,1,153.3,69.7,"5' 10""",178
0,4,10,1,227.7,103.5,"5' 7""",170
1,4,11,7,156.4,71.1,"5' 3""",160
0,7,1,1,159.9,72.7,"5' 11""",181
0,7,3,3,231.4,105.2,"5' 7""",169
1,7,0,3,154.7,70.3,"5' 2""",158
0,7,8,7,199.5,90.7,"6' 0""",183
1,6,10,3,172.7,78.5,"5' 3""",161
1,3,10,3,202.8,92.2,"5' 5""",165
1,3,11,3,212.3,96.5,"5' 5""",164
0,3,4,3,179.1,81.4,"6' 2""",187
1,8,7,1,141.2,64.2,"5' 7""",171
1,3,9,1,110.9,50.4,"5' 7""",170
1,7,9,6,158.2,71.9,"5' 5""",164
1,5,7,7,177.1,80.5,"5' 7""",170
1,5,4,7,196.2,89.2,"5' 3""",159
0,4,10,0,213.6,97.1,"6' 1""",186
0,6,5,3,221.1,100.5,"5' 8""",173
0,7,4,1,188.8,85.8,"5' 7""",170
0,4,5,3,216.5,98.4,"5' 8""",172
1,5,5,7,160.8,73.1,"5' 1""",155
1,10,0,7,209,95,"5' 6""",168
1,6,6,3,163.9,74.5,"5' 6""",168
1,2,5,7,138.2,62.8,"5' 5""",165
1,6,1,3,215.4,97.9,"5' 1""",154
0,2,11,1,161,73.2,"5' 7""",169
1,6,10,1,137.5,62.5,"5' 4""",163
1,6,2,5,179.3,81.5,"4' 11""",151
1,4,0,1,116.4,52.9,"5' 4""",162
0,3,6,3,170.7,77.6,"6' 1""",185
1,6,4,7,168.3,76.5,"5' 7""",170
0,6,6,7,249.5,113.4,"6' 1""",186
1,3,5,7,179.3,81.5,"5' 3""",159
0,3,8,3,231.2,105.1,"5' 6""",167
1,7,2,3,201.5,91.6,"5' 6""",168
0,8,5,1,156.6,71.2,"5' 7""",171
0,2,6,3,202,91.8,"6' 2""",189
0,8,6,3,228.1,103.7,"5' 7""",171
1,6,3,3,207.7,94.4,"5' 2""",157
1,4,11,7,152.9,69.5,"5' 1""",155
0,7,6,7,177.1,80.5,"6' 0""",182
0,5,0,3,209.4,95.2,"6' 0""",184
1,2,9,6,137.1,62.3,"5' 3""",160
1,9,6,7,196.9,89.5,"5' 3""",160
1,4,11,7,206.1,93.7,"5' 2""",158
0,5,0,3,229,104.1,"6' 0""",183
0,5,10,4,145,65.9,"5' 9""",176
0,6,1,7,223.3,101.5,"6' 0""",182
0,0,2,6,173.4,78.8,"5' 10""",179
0,5,8,6,135.1,61.4,"6' 0""",184
0,11,7,7,230.6,104.8,"6' 2""",189
0,1,1,1,167.4,76.1,"5' 10""",178
1,2,6,4,213.2,96.9,"5' 5""",164
0,7,2,1,140.1,63.7,"5' 6""",168
0,4,9,7,144.1,65.5,"5' 6""",167
1,6,6,7,152.7,69.4,"5' 5""",166
0,3,5,1,169.2,76.9,"5' 10""",178
1,4,6,1,137.9,62.7,"5' 5""",165
1,7,4,1,225.3,102.4,"5' 2""",157
1,2,6,1,152.2,69.2,"5' 4""",162
1,7,1,7,154,70,"5' 7""",171
0,10,2,3,235,106.8,"5' 7""",169
1,2,10,1,220.4,100.2,"5' 7""",169
0,10,7,1,174.7,79.4,"5' 8""",172
1,2,6,3,219.3,99.7,"5' 1""",154
0,5,3,3,143.7,65.3,"6' 0""",183
0,11,6,4,193.2,87.8,"5' 8""",172
0,6,0,3,166.8,75.8,"5' 7""",169
0,6,2,7,144.3,65.6,"6' 1""",186
1,2,1,1,147.4,67,"5' 3""",161
1,0,2,7,153.6,69.8,"5' 5""",165
0,4,2,7,178.2,81,"6' 1""",186
1,3,8,7,194.3,88.3,"5' 4""",163
0,7,9,7,161.3,73.3,"5' 10""",179
1,7,10,3,119.7,54.4,"5' 4""",163
1,9,5,7,158,71.8,"5' 7""",171
1,6,1,7,155.1,70.5,"5' 5""",165
1,6,6,7,170.7,77.6,"5' 9""",174
0,11,8,7,195.1,88.7,"5' 8""",173
1,11,0,1,166.1,75.5,"5' 5""",165
0,7,3,3,207.5,94.3,"5' 8""",173
1,0,1,7,166.5,75.7,"5' 1""",156
1,8,8,2,125,56.8,"5' 1""",156
0,4,11,7,158,71.8,"6' 2""",187
0,6,10,1,188.8,85.8,"5' 6""",168
0,8,11,1,174.2,79.2,"5' 7""",170
0,1,11,7,220.4,100.2,"5' 9""",174
0,5,10,7,205.9,93.6,"5' 6""",167
1,4,7,7,225.7,102.6,"5' 8""",173
0,11,0,1,220,100,"5' 5""",165
0,4,2,5,226.2,102.8,"5' 8""",172
1,0,6,7,114,51.8,"5' 7""",170
1,6,11,7,187.2,85.1,"5' 5""",165
1,3,8,1,125.6,57.1,"5' 5""",166
0,5,0,7,224.4,102,"6' 1""",185
0,3,10,1,217.6,98.9,"5' 11""",180
1,6,8,1,161.7,73.5,"5' 0""",152
1,6,1,7,206.8,94,"5' 5""",164
0,3,4,7,222.6,101.2,"5' 9""",176
0,7,7,7,188.3,85.6,"5' 9""",176
0,7,9,7,231.2,105.1,"5' 7""",171
0,9,4,3,195.6,88.9,"5' 6""",168
0,2,1,1,161.3,73.3,"5' 10""",179
1,4,8,3,227,103.2,"5' 7""",170
0,6,8,7,144.8,65.8,"5' 6""",168
1,4,4,0,190.1,86.4,"5' 7""",169
0,1,9,7,254.8,115.8,"6' 1""",185
1,5,6,7,185,84.1,"5' 7""",170
0,10,5,7,221.5,100.7,"5' 8""",172
1,6,3,7,222.6,101.2,"5' 6""",167
1,8,3,3,177.5,80.7,"5' 3""",160
1,11,0,7,210.5,95.7,"5' 1""",154
1,7,5,3,152.2,69.2,"5' 2""",157
0,10,5,3,230.3,104.7,"5' 9""",176
1,6,10,7,189.2,86,"5' 2""",158
0,2,9,3,201.1,91.4,"5' 8""",172
1,0,4,7,151.4,68.8,"5' 0""",153
0,7,5,7,245.1,111.4,"6' 0""",182
0,1,11,3,166.8,75.8,"5' 8""",173
1,3,4,3,218,99.1,"5' 3""",160
1,11,11,7,123.9,56.3,"5' 5""",165
1,8,1,3,172.7,78.5,"5' 2""",157
0,8,7,7,164.1,74.6,"5' 6""",168
0,7,3,1,172,78.2,"5' 11""",181
0,6,2,6,141,64.1,"5' 9""",174
1,0,10,7,117.5,53.4,"5' 8""",173
0,4,6,4,220.9,100.4,"6' 1""",186
0,6,0,7,216.5,98.4,"6' 2""",188
1,8,3,1,212.5,96.6,"5' 6""",168
1,6,8,1,213,96.8,"5' 5""",165
1,3,7,7,213.6,97.1,"5' 7""",169
1,4,10,7,194.9,88.6,"5' 2""",158
0,4,1,1,189.9,86.3,"5' 9""",176
0,9,7,6,181.1,82.3,"5' 4""",163
0,3,5,7,159.3,72.4,"5' 10""",177
0,4,0,7,181.5,82.5,"6' 0""",184
1,7,10,1,149.4,67.9,"5' 1""",155
0,6,0,3,208.6,94.8,"5' 9""",174
0,5,5,1,182.8,83.1,"5' 10""",179
1,7,7,7,172.9,78.6,"5' 3""",161
0,7,1,7,237.8,108.1,"5' 8""",173
0,2,5,7,213.2,96.9,"5' 11""",181
0,0,7,7,184.4,83.8,"5' 6""",167
1,10,9,1,223.1,101.4,"5' 4""",163
1,7,10,3,200.2,91,"5' 2""",157
1,8,0,0,192.5,87.5,"5' 5""",164
1,4,9,7,126.7,57.6,"5' 2""",157
0,3,6,3,220.4,100.2,"6' 1""",185
0,3,5,3,167.9,76.3,"5' 7""",170
1,11,6,3,119,54.1,"5' 8""",172
1,6,9,1,155.1,70.5,"5' 1""",156
0,3,11,3,167.6,76.2,"5' 10""",177
1,6,4,3,170.9,77.7,"4' 11""",151
1,6,4,7,208.6,94.8,"5' 9""",175
1,7,5,7,150.9,68.6,"5' 1""",155
1,6,0,3,222.2,101,"5' 5""",165
0,7,1,7,174,79.1,"6' 1""",185
0,6,7,3,250.4,113.8,"6' 1""",186
0,5,11,4,251,114.1,"5' 9""",176
0,7,0,7,181.3,82.4,"6' 0""",183
1,5,9,7,229,104.1,"5' 8""",172
0,7,11,7,156,70.9,"5' 10""",178
0,6,5,7,155.3,70.6,"5' 11""",181
1,7,11,7,147,66.8,"5' 1""",156
0,6,10,1,225.7,102.6,"5' 11""",181
1,10,2,3,159.3,72.4,"5' 6""",168
0,1,1,7,163.7,74.4,"6' 2""",187
0,7,7,7,193.4,87.9,"5' 8""",172
0,6,9,7,127.8,58.1,"6' 2""",189
1,4,5,4,193.4,87.9,"5' 2""",158
1,4,7,7,211.4,96.1,"5' 3""",159
0,7,9,1,171.2,77.8,"6' 0""",184
0,6,7,3,174.7,79.4,"5' 9""",176
0,7,3,7,211,95.9,"6' 0""",183
1,0,1,3,231.2,105.1,"5' 3""",161
0,2,10,7,213.6,97.1,"5' 6""",167
1,7,10,7,108.5,49.3,"5' 5""",164
0,0,2,1,132,60,"5' 6""",168
1,1,7,2,218.7,99.4,"5' 2""",158
1,6,11,3,160.8,73.1,"5' 5""",166
1,7,11,1,217.4,98.8,"5' 3""",161
0,5,3,3,250.4,113.8,"5' 11""",181
0,7,0,6,174,79.1,"5' 10""",179
1,4,11,3,184.1,83.7,"4' 11""",151
1,6,8,1,123.9,56.3,"5' 4""",162
0,3,8,1,128.5,58.4,"6' 1""",186
1,4,2,7,206.6,93.9,"5' 1""",155
0,7,5,1,143,65,"5' 9""",175
0,2,1,3,240.2,109.2,"6' 0""",183
0,7,6,1,188.5,85.7,"6' 2""",189
1,3,10,7,160.6,73,"5' 8""",173
1,6,5,3,176,80,"5' 1""",156
0,7,0,3,145.9,66.3,"6' 1""",186
0,7,7,4,145.9,66.3,"5' 11""",180
0,4,3,3,167.9,76.3,"6' 0""",184
0,10,0,7,157.7,71.7,"6' 2""",188
0,6,5,1,238.9,108.6,"5' 10""",178
0,2,3,1,202,91.8,"5' 9""",176
0,3,6,3,228.1,103.7,"6' 1""",185
0,6,10,7,192.5,87.5,"6' 1""",185
0,2,6,6,133.5,60.7,"5' 11""",181
0,0,8,3,191,86.8,"6' 0""",183
1,5,1,6,111.8,50.8,"5' 2""",158
1,7,4,1,203.3,92.4,"5' 3""",161
1,5,9,7,105.8,48.1,"5' 6""",168
0,7,10,0,205.5,93.4,"5' 8""",172
1,3,10,3,139.7,63.5,"5' 5""",165
1,4,10,7,145,65.9,"5' 1""",154
1,5,4,1,117.9,53.6,"5' 7""",169
1,10,7,6,162.4,73.8,"4' 11""",150
1,6,3,0,142.1,64.6,"5' 8""",172
0,10,2,1,158.6,72.1,"5' 7""",170
0,5,11,3,163,74.1,"5' 6""",167
0,5,7,7,130.2,59.2,"5' 10""",177
0,3,5,7,220.4,100.2,"5' 11""",181
1,7,3,1,147.6,67.1,"5' 2""",157
0,6,7,3,195.1,88.7,"5' 8""",173
0,11,2,7,182.4,82.9,"5' 11""",180
0,6,2,4,237.2,107.8,"5' 10""",177
0,3,6,1,192.7,87.6,"5' 10""",179
1,3,2,1,139.7,63.5,"5' 5""",165
1,3,3,2,196.7,89.4,"4' 11""",151
1,7,11,0,224.6,102.1,"4' 11""",151
0,7,8,7,150.7,68.5,"6' 0""",182
0,4,5,1,151.8,69,"5' 7""",171
1,4,7,1,174,79.1,"5' 4""",163
1,7,4,7,133.1,60.5,"5' 2""",158
0,5,3,3,237.2,107.8,"5' 8""",173
1,3,4,1,164.6,74.8,"5' 7""",169
0,6,11,6,164.3,74.7,"5' 9""",176
0,10,7,1,169,76.8,"5' 9""",174
1,7,7,3,175.8,79.9,"5' 0""",152
0,2,1,3,168.5,76.6,"5' 6""",167
0,11,6,7,137.3,62.4,"6' 0""",183
0,4,6,3,155.5,70.7,"6' 0""",183
0,6,10,1,199.3,90.6,"6' 0""",184
1,6,5,7,164.6,74.8,"5' 8""",172
1,6,4,3,210.3,95.6,"5' 2""",157
1,6,0,3,183.5,83.4,"5' 1""",156
1,4,1,6,231,105,"5' 5""",165
0,3,4,7,244.9,111.3,"5' 7""",171
0,7,8,7,134.6,61.2,"5' 7""",171
1,5,9,7,141.9,64.5,"5' 5""",166
0,3,2,7,135.3,61.5,"5' 7""",171
0,4,6,6,222.6,101.2,"6' 0""",182
0,2,11,1,209,95,"6' 0""",183
1,7,4,7,110.2,50.1,"5' 5""",166
0,7,0,3,203.7,92.6,"6' 1""",185
1,6,0,3,194.9,88.6,"5' 2""",158
1,2,10,4,161.7,73.5,"5' 3""",160
1,5,4,7,190.5,86.6,"5' 5""",164
0,11,0,3,197.8,89.9,"5' 10""",179
1,9,9,7,142.1,64.6,"5' 3""",160
0,11,9,7,136.4,62,"5' 8""",172
0,9,7,1,162.1,73.7,"5' 10""",178
1,7,3,7,131.3,59.7,"5' 5""",165
1,0,5,7,211.4,96.1,"5' 5""",165
1,2,9,3,115.7,52.6,"5' 3""",159
1,0,2,4,153.8,69.9,"5' 2""",157
1,7,10,7,165.9,75.4,"5' 7""",171
1,6,5,1,169.4,77,"5' 6""",167
1,7,6,7,119.7,54.4,"5' 1""",156
1,8,10,7,128.7,58.5,"5' 3""",160
0,6,11,1,136,61.8,"5' 8""",173
0,3,3,3,198.7,90.3,"5' 7""",169
0,3,3,3,188.3,85.6,"6' 2""",187
0,6,9,4,181.7,82.6,"5' 6""",167
0,9,7,3,134.9,61.3,"5' 11""",180
0,9,4,6,206.8,94,"5' 11""",180
0,11,4,4,223.5,101.6,"5' 7""",170
0,9,10,7,206.1,93.7,"5' 11""",180
0,7,5,3,192.1,87.3,"5' 10""",177
0,5,2,4,191.2,86.9,"5' 6""",168
1,3,8,3,110.7,50.3,"5' 3""",160
1,10,7,1,139.5,63.4,"4' 11""",151
0,4,5,1,133.1,60.5,"5' 9""",175
1,3,0,1,214.3,97.4,"5' 7""",169
0,3,6,7,167.6,76.2,"6' 0""",184
0,7,5,1,202.8,92.2,"5' 10""",178
0,5,2,4,176,80,"6' 2""",188
1,0,1,3,127.4,57.9,"5' 0""",153
0,11,10,7,183.7,83.5,"6' 2""",189
1,8,8,1,178.6,81.2,"5' 7""",171
0,7,0,7,213.4,97,"5' 10""",177
1,2,11,3,218,99.1,"5' 2""",158
0,10,5,6,139.7,63.5,"5' 9""",174
1,7,2,1,175.6,79.8,"5' 5""",164
1,6,9,6,194.9,88.6,"5' 1""",155
0,4,11,1,227.3,103.3,"6' 1""",185
1,6,9,7,135.3,61.5,"5' 3""",161
1,6,5,1,116.2,52.8,"5' 5""",166
1,3,8,3,144.1,65.5,"5' 1""",156
1,8,0,3,160.2,72.8,"5' 5""",164
0,4,6,7,185.9,84.5,"5' 7""",170
0,0,2,1,152,69.1,"6' 1""",185
0,11,7,7,156.9,71.3,"5' 9""",174
1,6,4,7,132,60,"5' 3""",159
0,5,7,6,235.4,107,"5' 7""",171
1,11,5,7,164.3,74.7,"5' 3""",161
0,4,4,3,225.7,102.6,"5' 10""",179
0,4,8,6,187.9,85.4,"5' 10""",177
1,0,8,3,176,80,"5' 1""",156
0,3,5,3,152.7,69.4,"6' 2""",189
1,4,6,7,180.8,82.2,"5' 5""",165
1,6,1,7,184.8,84,"5' 8""",172
1,0,5,7,193.4,87.9,"5' 2""",158
0,6,11,1,159.3,72.4,"5' 9""",176
0,6,9,1,182.2,82.8,"6' 0""",183
1,7,3,3,217.4,98.8,"5' 3""",161
0,4,10,3,209.4,95.2,"5' 9""",176
1,2,10,1,127.2,57.8,"5' 1""",154
0,6,2,7,207.7,94.4,"6' 1""",186
0,9,0,1,168.5,76.6,"5' 11""",180
1,6,5,2,174.2,79.2,"5' 2""",158
1,3,8,7,154.9,70.4,"5' 6""",168
0,11,3,4,137.3,62.4,"5' 9""",176
0,2,4,7,222.9,101.3,"5' 10""",178
1,5,3,7,169.6,77.1,"5' 1""",155
1,7,9,3,153.3,69.7,"5' 6""",167
0,4,10,5,222.9,101.3,"5' 5""",164
1,9,6,4,187.9,85.4,"5' 4""",162
1,7,5,4,222,100.9,"5' 4""",163
0,7,5,1,200.2,91,"5' 9""",174
1,9,10,7,144.3,65.6,"5' 3""",159
1,4,6,1,178.6,81.2,"5' 5""",164
1,0,11,3,223.3,101.5,"5' 3""",161
0,2,2,3,139.3,63.3,"5' 9""",174
0,5,7,7,218.7,99.4,"5' 10""",179
1,4,7,7,124.5,56.6,"5' 2""",157
0,3,5,3,176.4,80.2,"6' 2""",187
0,11,4,7,162.4,73.8,"6' 0""",184
1,7,8,1,115.3,52.4,"5' 5""",166
0,11,2,6,195.6,88.9,"5' 7""",170
0,4,3,7,218.7,99.4,"5' 9""",174
0,3,0,7,158,71.8,"5' 7""",169
1,4,9,3,158.8,72.2,"5' 7""",169
1,1,3,4,129.8,59,"5' 3""",159
0,8,8,1,178.6,81.2,"5' 5""",166
0,2,10,1,221.3,100.6,"5' 4""",163
0,6,10,1,196.9,89.5,"5' 9""",174
0,2,11,1,190.7,86.7,"6' 0""",183
1,0,9,7,222,100.9,"5' 2""",157
0,6,5,7,154.2,70.1,"6' 0""",183
0,4,8,7,244,110.9,"5' 10""",179
0,5,10,4,142.3,64.7,"6' 1""",185
0,6,4,3,140.6,63.9,"5' 11""",180
0,3,3,7,211,95.9,"6' 0""",184
1,3,8,1,186.8,84.9,"5' 2""",157
1,1,5,6,184.1,83.7,"5' 3""",159
0,6,11,4,235,106.8,"5' 6""",167
0,6,2,7,232.1,105.5,"5' 11""",181
1,4,3,6,119,54.1,"5' 5""",164
1,6,1,7,211.6,96.2,"5' 2""",157
1,7,2,3,185,84.1,"5' 7""",170
1,6,4,7,222.2,101,"5' 1""",154
1,4,2,2,158.8,72.2,"5' 0""",153
0,3,3,3,238.7,108.5,"5' 6""",167
1,6,3,3,222.4,101.1,"5' 9""",175
1,4,5,7,126.9,57.7,"5' 4""",163
0,2,10,7,218.5,99.3,"5' 9""",176
1,3,7,1,121.4,55.2,"5' 2""",157
1,4,9,7,203.9,92.7,"5' 4""",163
1,4,9,2,201.5,91.6,"5' 0""",152
1,7,7,7,212.5,96.6,"5' 5""",166
1,2,10,1,156.4,71.1,"4' 11""",151
0,4,8,7,208.6,94.8,"6' 0""",183
0,4,7,1,219.1,99.6,"5' 7""",169
1,4,4,0,165.4,75.2,"5' 2""",158
0,6,0,1,228.8,104,"5' 9""",176
0,6,6,7,143.9,65.4,"5' 7""",169
0,7,7,1,236.3,107.4,"5' 10""",177
1,6,9,7,120.3,54.7,"5' 0""",153
1,6,7,1,156.6,71.2,"4' 11""",151
0,7,2,7,206.6,93.9,"5' 11""",180
1,7,11,1,174.5,79.3,"5' 4""",163
1,6,4,7,153.6,69.8,"5' 6""",168
1,6,4,1,123,55.9,"5' 3""",160
1,3,2,1,153.8,69.9,"5' 3""",161
0,11,11,7,126.3,57.4,"6' 2""",187
0,2,5,7,151.8,69,"5' 5""",164
1,2,6,1,155.1,70.5,"5' 7""",170
0,10,10,7,218,99.1,"5' 4""",163
0,0,9,1,152.9,69.5,"6' 2""",188
0,6,11,3,195.1,88.7,"6' 0""",182
0,7,7,0,226.2,102.8,"5' 4""",163
1,9,5,7,153.1,69.6,"5' 3""",161
1,3,5,3,164.1,74.6,"5' 2""",157
0,3,1,1,136.4,62,"6' 1""",185
1,7,2,1,125,56.8,"5' 2""",157
1,4,9,4,142.1,64.6,"5' 1""",156
0,3,9,4,189.9,86.3,"5' 9""",175
1,8,9,1,140.8,64,"5' 0""",152
1,8,0,7,195.6,88.9,"5' 1""",156
1,7,1,3,195.6,88.9,"5' 1""",156
1,9,0,7,217.1,98.7,"5' 3""",160
1,7,1,1,173.1,78.7,"5' 3""",159
0,6,4,7,230.6,104.8,"5' 10""",178
1,9,2,7,208.3,94.7,"5' 3""",160
1,3,4,1,208.1,94.6,"5' 7""",169
1,6,9,7,196.7,89.4,"5' 5""",165
0,2,11,4,161.9,73.6,"5' 8""",172
1,7,8,3,145,65.9,"5' 6""",167
0,9,2,0,211.4,96.1,"5' 9""",175
0,3,8,0,209.9,95.4,"5' 10""",179
0,7,10,1,228.1,103.7,"6' 0""",184
1,7,0,1,147.2,66.9,"5' 3""",159
1,7,6,7,137.5,62.5,"5' 4""",162
1,6,9,3,227.5,103.4,"5' 6""",167
0,4,7,7,217.4,98.8,"5' 10""",178
0,7,5,7,225.3,102.4,"5' 9""",175
0,2,6,3,169.6,77.1,"5' 6""",167
1,7,9,1,183.9,83.6,"5' 0""",152
0,3,5,4,150.3,68.3,"5' 5""",166
0,9,8,1,203.9,92.7,"5' 10""",179
0,2,1,1,176.9,80.4,"5' 9""",175
0,4,0,7,208.6,94.8,"5' 11""",181
0,2,9,7,217.4,98.8,"5' 9""",176
0,3,4,7,187.2,85.1,"6' 0""",182
0,6,10,6,150.9,68.6,"5' 5""",165
1,8,9,3,172.9,78.6,"5' 1""",154
0,6,8,7,133.1,60.5,"5' 11""",181
0,6,8,3,174,79.1,"5' 11""",181
1,5,5,1,139.5,63.4,"5' 3""",159
0,4,6,3,167.9,76.3,"5' 11""",180
1,2,3,3,190.1,86.4,"5' 5""",165
1,3,8,7,144.5,65.7,"5' 3""",160
0,2,7,7,185,84.1,"5' 10""",177
1,10,5,6,203.7,92.6,"5' 2""",158
1,5,3,4,226.8,103.1,"5' 6""",167
0,11,1,1,148.7,67.6,"6' 2""",187
1,8,6,7,230.8,104.9,"5' 7""",171
0,0,9,7,193.6,88,"5' 11""",181
0,7,5,2,173.6,78.9,"5' 10""",178
0,10,1,7,192.3,87.4,"6' 1""",186
1,0,2,7,196,89.1,"5' 4""",163
0,6,7,7,244,110.9,"6' 0""",183
1,4,8,7,113.1,51.4,"5' 0""",153
0,6,9,1,189.4,86.1,"5' 10""",178
0,7,11,7,159.7,72.6,"5' 9""",174
0,6,9,1,141.2,64.2,"5' 7""",169
0,6,6,1,222.4,101.1,"5' 10""",178
0,3,10,5,190.7,86.7,"5' 6""",167
0,7,7,3,227.9,103.6,"5' 9""",176
0,3,3,3,177.1,80.5,"5' 6""",168
0,6,10,7,191.8,87.2,"5' 11""",180
0,10,1,1,199.8,90.8,"6' 1""",185
1,0,4,1,143.7,65.3,"5' 7""",169
1,11,6,4,153.3,69.7,"5' 9""",174
0,2,10,6,201.1,91.4,"5' 10""",177
1,5,8,2,182.4,82.9,"5' 2""",157
1,7,5,1,142.3,64.7,"5' 6""",168
1,4,3,7,197.3,89.7,"5' 3""",161
0,4,7,7,240.2,109.2,"5' 10""",178
1,5,1,3,207,94.1,"5' 5""",164
0,0,2,3,164.3,74.7,"6' 2""",187
1,4,0,3,209.9,95.4,"5' 2""",158
1,2,3,3,161.7,73.5,"5' 6""",168
0,2,0,3,150.7,68.5,"5' 5""",166
0,4,1,4,152,69.1,"5' 6""",168
0,4,9,7,181.7,82.6,"5' 8""",173
1,0,7,7,157.3,71.5,"5' 5""",165
1,4,8,7,173.4,78.8,"5' 2""",157
0,4,2,7,139.5,63.4,"6' 0""",183
0,2,1,7,178.6,81.2,"5' 7""",170
0,0,9,6,188.5,85.7,"5' 9""",175
1,5,1,2,181.1,82.3,"5' 8""",173
0,4,1,4,169.2,76.9,"5' 9""",176
1,5,11,4,195.8,89,"5' 5""",165
1,7,0,7,235,106.8,"5' 3""",161
0,3,7,7,160.2,72.8,"5' 9""",174
0,3,6,3,226.6,103,"5' 8""",173
1,6,7,1,226.2,102.8,"5' 9""",174
0,10,3,7,125.2,56.9,"5' 10""",177
0,0,11,4,246,111.8,"5' 11""",181
1,7,0,4,189.2,86,"4' 11""",151
1,6,10,1,189.9,86.3,"5' 6""",167
0,7,2,7,224.4,102,"6' 0""",183
1,3,5,3,196.5,89.3,"5' 1""",156
0,5,7,3,225.1,102.3,"5' 6""",168
0,7,3,1,185,84.1,"5' 5""",165
1,3,8,7,153.8,69.9,"5' 1""",156
1,3,2,7,199.8,90.8,"5' 5""",165
1,4,1,7,169.8,77.2,"5' 6""",167
0,6,6,1,199.8,90.8,"5' 10""",177
1,0,9,1,211.2,96,"5' 8""",172
0,0,6,6,150.7,68.5,"5' 10""",178
1,3,11,1,189.6,86.2,"5' 0""",152
0,0,7,7,199.5,90.7,"6' 1""",186
1,0,11,3,210.3,95.6,"5' 4""",162
0,9,4,1,227.9,103.6,"5' 10""",178
0,7,10,6,176.2,80.1,"5' 6""",167
0,4,11,3,207.2,94.2,"6' 2""",189
0,10,6,3,181.7,82.6,"5' 9""",174
0,7,5,4,213.4,97,"5' 10""",178
0,6,10,1,177.5,80.7,"5' 6""",168
0,10,4,7,198.2,90.1,"6' 0""",184
0,6,7,7,198.9,90.4,"5' 4""",163
0,7,8,3,152.7,69.4,"5' 5""",165
0,3,7,4,223.5,101.6,"6' 0""",182
0,0,6,4,186.3,84.7,"5' 10""",179
1,11,10,7,175.3,79.7,"5' 4""",163
0,2,0,1,240,109.1,"6' 1""",185
0,7,0,3,222.4,101.1,"5' 5""",164
1,6,8,1,217.1,98.7,"5' 4""",163
0,10,1,7,169.6,77.1,"6' 0""",184
1,10,1,3,145.9,66.3,"5' 3""",161
1,7,7,7,126.7,57.6,"5' 3""",160
0,4,1,1,177.1,80.5,"6' 2""",189
0,2,3,1,201.1,91.4,"5' 10""",178
1,1,2,3,148.5,67.5,"5' 3""",159
0,10,3,0,209,95,"5' 10""",179
0,9,3,7,190.1,86.4,"6' 2""",188
1,10,4,4,197.8,89.9,"5' 1""",155
0,7,11,1,195.4,88.8,"5' 8""",172
0,1,9,7,209.4,95.2,"6' 0""",182
0,7,2,7,171.4,77.9,"5' 9""",175
1,3,4,7,127.8,58.1,"5' 5""",166
1,7,5,7,123.6,56.2,"5' 0""",153
0,0,5,7,139.9,63.6,"6' 1""",185
1,6,9,4,211.6,96.2,"5' 4""",163
1,6,11,3,179.5,81.6,"5' 1""",155
0,3,10,4,224,101.8,"6' 1""",186
0,3,8,1,196.2,89.2,"5' 8""",173
0,4,3,7,247.5,112.5,"6' 2""",188
1,6,3,1,210.1,95.5,"5' 7""",169
1,0,8,3,143.7,65.3,"5' 9""",174
1,4,4,3,180,81.8,"5' 4""",163
1,3,10,3,113.3,51.5,"5' 3""",161
1,3,10,5,169.6,77.1,"5' 4""",162
1,3,1,1,189,85.9,"5' 7""",169
0,10,7,6,195.1,88.7,"5' 5""",164
0,6,11,1,158.8,72.2,"5' 8""",172
1,7,2,1,141.5,64.3,"5' 7""",169
0,6,10,4,157.5,71.6,"5' 8""",172
0,3,11,1,209.2,95.1,"5' 9""",175
1,3,3,1,154.2,70.1,"5' 6""",168
1,4,7,4,194.9,88.6,"5' 3""",160
0,6,11,7,224.6,102.1,"5' 10""",177
1,10,8,7,186.6,84.8,"5' 8""",173
1,8,5,7,215.8,98.1,"5' 1""",156
0,4,2,1,243.1,110.5,"5' 8""",173
1,7,9,0,225.1,102.3,"5' 5""",165
1,6,11,4,174.5,79.3,"5' 3""",161
1,3,5,7,118.4,53.8,"5' 0""",153
1,4,9,3,154.7,70.3,"5' 5""",165
1,7,8,1,113.1,51.4,"5' 4""",163
0,8,7,3,136.2,61.9,"6' 2""",187
1,6,5,1,110.9,50.4,"5' 6""",167
1,9,2,7,172.9,78.6,"4' 11""",151
0,7,7,4,227.7,103.5,"5' 10""",179
1,10,7,1,218.5,99.3,"5' 1""",156
0,7,4,1,200.9,91.3,"5' 7""",169
1,7,0,4,162.4,73.8,"5' 5""",166
1,2,9,1,111.1,50.5,"5' 8""",172
0,6,9,1,153.3,69.7,"5' 7""",169
1,6,6,3,178,80.9,"4' 11""",151
0,10,8,4,168.5,76.6,"5' 9""",176
0,4,4,1,209.2,95.1,"5' 7""",171
1,6,6,3,195.4,88.8,"5' 7""",171
1,7,8,7,217.4,98.8,"5' 3""",159
0,6,1,7,156,70.9,"6' 1""",186
0,6,1,7,184.4,83.8,"5' 11""",180
1,11,2,3,129.8,59,"5' 3""",159
1,5,0,4,143.4,65.2,"5' 6""",167
1,4,0,1,186.6,84.8,"5' 2""",157
1,6,8,6,164.6,74.8,"5' 2""",157
0,2,6,0,164.3,74.7,"5' 10""",178
0,2,6,1,239.1,108.7,"5' 9""",176
0,3,5,7,163.2,74.2,"5' 9""",174
0,6,0,7,218.9,99.5,"5' 10""",178
0,6,9,3,201.5,91.6,"6' 1""",186
1,7,2,1,132.9,60.4,"5' 7""",171
1,4,1,7,131.1,59.6,"5' 5""",166
1,8,0,1,137.9,62.7,"5' 5""",165
0,3,8,7,186.8,84.9,"6' 0""",183
0,5,9,7,205.3,93.3,"5' 6""",168
0,9,6,3,162.6,73.9,"5' 10""",179
0,9,3,3,227,103.2,"6' 2""",187
0,6,9,7,132.9,60.4,"5' 9""",176
0,3,2,3,165.2,75.1,"6' 0""",182
0,4,11,3,202,91.8,"6' 0""",182
1,6,8,1,192.7,87.6,"5' 5""",164
0,0,9,1,166.1,75.5,"5' 7""",169
0,7,6,1,154.7,70.3,"5' 9""",176
1,1,7,3,114.8,52.2,"5' 2""",157
1,7,10,1,154.7,70.3,"5' 3""",161
1,6,7,1,200.6,91.2,"5' 5""",165
1,6,9,7,173.4,78.8,"5' 8""",172
0,4,7,1,142.8,64.9,"5' 7""",170
0,6,9,7,180,81.8,"6' 2""",188
0,0,4,1,177.3,80.6,"5' 9""",175
0,11,3,7,221.8,100.8,"5' 10""",177
0,1,10,7,239.6,108.9,"5' 6""",167
1,5,7,3,204.2,92.8,"5' 5""",165
0,6,9,3,228.4,103.8,"6' 2""",188
0,6,6,3,200.6,91.2,"5' 5""",166
0,10,8,7,173.8,79,"5' 5""",166
0,3,9,1,230.3,104.7,"5' 10""",177
0,7,7,7,231.9,105.4,"5' 9""",175
1,2,2,7,136,61.8,"5' 8""",172
0,6,10,3,192.1,87.3,"5' 10""",179
0,8,2,7,144.8,65.8,"6' 0""",184
1,1,0,6,214.9,97.7,"5' 3""",159
0,4,4,1,229,104.1,"5' 9""",176
0,5,11,5,197.8,89.9,"5' 7""",171
0,3,2,7,192.9,87.7,"5' 6""",167
0,7,0,3,203.9,92.7,"5' 4""",163
0,2,0,3,241.1,109.6,"5' 8""",173
0,5,6,7,139.5,63.4,"6' 0""",183
0,6,0,7,146.7,66.7,"6' 1""",185
0,7,6,7,188.5,85.7,"6' 0""",184
1,6,8,1,178.4,81.1,"5' 5""",165
0,4,7,1,143.7,65.3,"5' 11""",180
0,2,5,7,235.6,107.1,"6' 0""",182
0,7,5,6,225.5,102.5,"5' 5""",166
0,3,9,1,156,70.9,"5' 5""",164
0,6,9,3,156.9,71.3,"6' 2""",187
1,7,3,7,137.9,62.7,"5' 5""",166
0,1,9,1,149.6,68,"5' 10""",177
0,3,4,3,163.7,74.4,"5' 11""",180
1,6,4,3,155.3,70.6,"5' 2""",158
1,4,3,1,211.6,96.2,"5' 9""",174
0,1,9,7,234.5,106.6,"5' 10""",178
0,8,5,3,160.4,72.9,"5' 11""",180
1,6,1,4,237.2,107.8,"5' 4""",162
1,5,2,3,220.7,100.3,"5' 1""",154
0,4,9,7,240,109.1,"5' 11""",181
1,7,5,3,147,66.8,"5' 7""",169
0,4,5,7,242.7,110.3,"5' 6""",167
0,6,10,7,139,63.2,"5' 7""",170
1,7,5,7,218.9,99.5,"5' 5""",165
1,7,10,7,161.9,73.6,"5' 7""",170
0,6,3,7,200.2,91,"6' 0""",182
1,8,8,7,128.5,58.4,"5' 4""",162
0,3,7,6,185.7,84.4,"5' 11""",180
0,6,1,3,141.7,64.4,"5' 10""",179
1,6,9,1,191.8,87.2,"5' 3""",161
0,9,3,1,192.9,87.7,"5' 7""",170
0,7,5,1,211.4,96.1,"5' 10""",177
0,3,1,3,168.3,76.5,"5' 11""",180
1,7,0,1,202.2,91.9,"5' 2""",157
1,7,0,6,143.7,65.3,"5' 1""",154
0,5,5,1,194,88.2,"5' 10""",178
1,11,2,2,207,94.1,"5' 7""",170
0,2,1,7,148.3,67.4,"5' 10""",177
0,7,8,3,225.1,102.3,"6' 0""",182
1,7,10,1,119.7,54.4,"5' 7""",170
0,4,2,1,214.3,97.4,"5' 6""",168
0,6,0,7,219.1,99.6,"5' 9""",174
0,6,4,7,224.8,102.2,"5' 7""",171
0,7,6,1,178.2,81,"5' 10""",179
0,11,11,7,163,74.1,"5' 7""",169
0,3,10,7,186.1,84.6,"5' 10""",177
1,2,10,7,138.2,62.8,"5' 3""",159
1,3,9,3,215.4,97.9,"5' 1""",154
0,9,6,1,222.9,101.3,"5' 6""",168
0,4,4,7,148.7,67.6,"5' 7""",170
1,2,6,0,124.5,56.6,"5' 7""",169
1,0,10,1,134.9,61.3,"5' 2""",157
1,5,2,7,217.4,98.8,"5' 6""",167
1,6,4,4,159.7,72.6,"5' 8""",172
1,3,7,4,151.6,68.9,"5' 4""",162
1,7,7,5,187.9,85.4,"5' 8""",172
0,7,7,2,138.6,63,"6' 0""",183
0,6,7,3,216.9,98.6,"6' 1""",185
1,2,7,7,115.3,52.4,"5' 7""",169
1,11,10,1,224.4,102,"5' 4""",162
0,6,5,7,198,90,"5' 11""",181
1,3,8,1,185.7,84.4,"5' 8""",172
1,4,10,1,188.3,85.6,"5' 3""",159
1,4,4,3,154.2,70.1,"5' 7""",171
1,3,6,7,216,98.2,"5' 8""",173
0,2,4,4,145,65.9,"5' 6""",168
0,8,9,1,233.2,106,"6' 1""",186
1,4,10,3,107.6,48.9,"5' 2""",158
1,0,0,7,136.4,62,"5' 5""",166
0,7,2,7,153.6,69.8,"5' 11""",180
1,6,4,7,139.7,63.5,"5' 3""",159
1,3,7,7,149.4,67.9,"5' 6""",167
1,4,10,4,135.5,61.6,"5' 4""",163
1,8,4,7,158.4,72,"5' 6""",168
0,3,5,1,146.1,66.4,"5' 9""",176
0,3,11,7,178.2,81,"5' 11""",181
1,7,8,7,134.4,61.1,"5' 2""",158
1,4,10,1,137.1,62.3,"5' 2""",157
0,6,1,3,190.7,86.7,"5' 7""",171
0,4,11,7,166.5,75.7,"5' 6""",168
0,3,6,1,204.2,92.8,"5' 10""",177
0,6,1,6,170.5,77.5,"6' 2""",187
0,7,7,3,145.9,66.3,"5' 8""",173
1,3,4,7,139.9,63.6,"5' 3""",161
0,1,4,3,191.4,87,"5' 4""",163
1,6,4,7,147.4,67,"5' 6""",167
1,8,7,7,119.5,54.3,"5' 1""",155
1,3,9,3,182.2,82.8,"5' 6""",167
0,10,6,1,196.5,89.3,"6' 2""",189
1,4,9,1,209.7,95.3,"5' 6""",167
0,4,5,3,157.1,71.4,"6' 2""",189
1,6,7,3,212.1,96.4,"5' 4""",163
0,7,10,3,134.2,61,"6' 0""",184
0,1,10,1,222.4,101.1,"5' 7""",170
0,3,5,7,217.6,98.9,"6' 0""",184
1,7,8,3,151.1,68.7,"5' 9""",175
0,2,2,1,187,85,"6' 0""",184
0,7,2,7,192.1,87.3,"5' 10""",177
0,2,2,3,171.6,78,"5' 9""",175
0,3,2,7,160.2,72.8,"5' 7""",170
1,8,3,3,123.4,56.1,"5' 3""",159
1,4,3,1,184.1,83.7,"5' 3""",159
0,4,1,7,156.6,71.2,"5' 7""",170
1,6,11,1,214.1,97.3,"5' 6""",167
1,2,11,7,225.1,102.3,"5' 7""",169
0,8,9,3,240.2,109.2,"5' 11""",181
0,0,7,0,240.9,109.5,"6' 2""",188
0,0,8,1,237.8,108.1,"5' 11""",180
0,7,5,7,196.7,89.4,"5' 10""",179
1,7,9,7,186.1,84.6,"5' 5""",165
1,6,1,1,125.8,57.2,"5' 4""",163
1,6,11,3,181.9,82.7,"5' 6""",168
1,6,10,7,224,101.8,"5' 7""",170
0,5,3,1,238.5,108.4,"5' 11""",181
1,0,7,7,151.6,68.9,"5' 7""",170
0,3,9,6,172.7,78.5,"5' 7""",169
0,11,6,7,170.1,77.3,"5' 11""",180
1,7,5,7,187.2,85.1,"5' 3""",160
0,4,3,4,166.8,75.8,"6' 2""",188
0,0,11,3,209.9,95.4,"5' 7""",171
1,6,4,3,192.9,87.7,"5' 1""",156
1,5,10,4,129.4,58.8,"5' 3""",161
0,4,8,7,201.7,91.7,"5' 6""",167
0,4,1,1,224,101.8,"5' 11""",181
1,0,5,7,178,80.9,"5' 4""",163
0,10,11,6,140.1,63.7,"6' 3""",190
0,4,5,1,242.7,110.3,"5' 6""",167
0,6,3,1,159.7,72.6,"6' 0""",184
0,4,4,1,139.5,63.4,"6' 2""",187
0,6,4,7,194.7,88.5,"6' 0""",183
1,6,1,7,229.9,104.5,"5' 3""",160
1,2,7,7,228.1,103.7,"5' 4""",162
0,7,4,1,140.6,63.9,"6' 3""",190
1,11,4,0,119.9,54.5,"5' 7""",170
1,3,10,1,185.5,84.3,"5' 4""",163
0,1,2,3,214.7,97.6,"5' 6""",167
1,0,0,1,138.2,62.8,"5' 1""",155
0,6,9,3,189.2,86,"5' 7""",171
0,4,3,1,209.7,95.3,"5' 9""",175
0,7,0,7,203.7,92.6,"6' 0""",183
0,8,1,7,194.5,88.4,"5' 10""",178
0,10,7,7,220.9,100.4,"5' 6""",168
0,7,3,7,199.5,90.7,"5' 10""",179
1,7,11,7,123.6,56.2,"5' 8""",172
1,6,11,1,135.3,61.5,"5' 5""",166
1,6,4,7,159.9,72.7,"5' 1""",156
1,6,0,7,147.6,67.1,"5' 3""",159
1,11,5,3,110.9,50.4,"5' 1""",155
1,2,8,7,148.9,67.7,"5' 3""",161
1,0,7,3,222.9,101.3,"4' 11""",150
0,7,1,7,213.2,96.9,"5' 6""",167
0,6,1,1,219.6,99.8,"6' 2""",187
1,6,5,1,192.7,87.6,"5' 7""",171
0,0,2,7,241.6,109.8,"6' 1""",186
1,1,7,1,199.8,90.8,"5' 6""",167
1,6,8,3,132.2,60.1,"5' 6""",167
1,10,10,5,213.2,96.9,"5' 7""",171
1,6,2,1,194,88.2,"5' 5""",164
0,7,2,1,171.6,78,"5' 11""",180
0,7,6,1,141.2,64.2,"5' 8""",173
0,5,1,3,166.8,75.8,"5' 7""",169
0,4,4,7,143.9,65.4,"6' 1""",186
0,7,7,7,195.8,89,"5' 9""",175
1,0,10,1,232.3,105.6,"4' 11""",151
1,0,4,0,175.1,79.6,"5' 1""",156
1,5,4,7,199.8,90.8,"5' 1""",155
0,6,4,1,161.3,73.3,"6' 2""",189
1,11,2,5,196,89.1,"5' 1""",156
0,4,0,7,142.1,64.6,"5' 7""",169
0,6,8,0,211,95.9,"6' 2""",187
1,6,1,7,155.8,70.8,"5' 1""",156
0,6,2,7,248.4,112.9,"5' 10""",178
0,4,3,1,149.4,67.9,"5' 10""",178
1,7,11,3,217.1,98.7,"5' 6""",168
0,0,3,1,173.8,79,"6' 1""",186
0,7,5,7,194.5,88.4,"5' 6""",167
0,5,3,3,177.8,80.8,"5' 11""",181
0,2,10,1,155.5,70.7,"5' 5""",166
0,1,5,7,225.9,102.7,"5' 7""",171
1,10,6,3,122.5,55.7,"5' 5""",165
0,6,5,5,218,99.1,"5' 9""",175
1,0,4,3,120.3,54.7,"5' 1""",155
1,8,5,7,143.7,65.3,"5' 2""",157
1,5,10,1,237.6,108,"5' 2""",158
1,3,10,7,224.8,102.2,"5' 6""",168
1,4,10,7,160.4,72.9,"5' 1""",154
1,0,7,7,177.3,80.6,"5' 8""",173
1,6,0,0,211.6,96.2,"5' 6""",168
0,3,8,3,213,96.8,"5' 11""",181
0,7,6,1,177.1,80.5,"5' 9""",175
1,7,1,3,223.5,101.6,"5' 4""",162
1,7,10,3,125.2,56.9,"5' 3""",159
0,10,10,3,145.9,66.3,"5' 6""",167
1,0,2,7,168.3,76.5,"5' 2""",158
1,6,0,3,128.3,58.3,"5' 9""",175
1,6,11,1,109.8,49.9,"5' 2""",158
0,9,3,7,226.2,102.8,"5' 8""",172
0,10,10,1,196.5,89.3,"5' 9""",174
1,8,10,7,118.1,53.7,"5' 2""",157
0,11,5,7,179.5,81.6,"6' 0""",183
1,2,4,7,219.1,99.6,"5' 2""",158
1,6,7,3,207.7,94.4,"5' 5""",164
1,7,4,7,163.2,74.2,"5' 5""",164
1,11,9,4,195.4,88.8,"5' 7""",171
0,10,5,1,151.4,68.8,"6' 0""",183
1,6,3,7,195.6,88.9,"4' 11""",151
1,6,3,1,134,60.9,"5' 4""",162
0,5,4,2,155.1,70.5,"5' 6""",167
1,7,5,1,147.8,67.2,"5' 5""",165
1,10,2,6,146.3,66.5,"5' 1""",155
1,9,5,3,136,61.8,"5' 0""",153
1,3,6,1,161.3,73.3,"5' 0""",152
1,6,2,3,158.4,72,"5' 7""",171
1,6,11,7,140.1,63.7,"5' 7""",169
0,7,0,7,145.9,66.3,"5' 5""",166
0,4,8,7,220,100,"6' 0""",183
1,11,0,7,189.2,86,"5' 5""",165
1,5,4,7,171.8,78.1,"5' 4""",162
1,4,7,3,138.6,63,"5' 1""",155
1,7,3,3,231,105,"5' 3""",159
1,6,7,7,218.7,99.4,"5' 7""",171
0,10,5,3,173.8,79,"6' 2""",187
1,7,0,2,219.3,99.7,"5' 2""",157
1,7,9,3,221.3,100.6,"5' 3""",161
1,7,7,7,139.7,63.5,"5' 7""",171
1,6,3,7,165.2,75.1,"5' 5""",165
1,5,10,7,152.2,69.2,"5' 7""",171
0,5,0,7,134,60.9,"5' 10""",177
1,2,6,7,205.9,93.6,"5' 1""",154
0,7,3,3,169.2,76.9,"6' 1""",185
0,4,10,7,211.2,96,"5' 10""",178
0,7,6,6,153.6,69.8,"5' 6""",168
0,3,0,7,205.5,93.4,"5' 11""",180
0,6,10,1,184.1,83.7,"5' 9""",174
0,2,7,4,199.8,90.8,"6' 0""",184
0,3,7,3,198,90,"5' 5""",165
1,3,6,1,220,100,"5' 3""",159
1,4,10,7,121.4,55.2,"5' 5""",165
0,11,9,1,131.3,59.7,"5' 9""",174
0,0,10,4,145.2,66,"5' 9""",175
1,9,2,7,170.9,77.7,"5' 5""",165
0,4,11,7,175.3,79.7,"6' 1""",186
0,3,4,7,206.8,94,"5' 11""",181
0,10,7,6,139,63.2,"5' 7""",170
0,11,8,3,214.3,97.4,"5' 4""",162
0,11,0,4,159.9,72.7,"5' 10""",179
1,0,1,3,148.5,67.5,"5' 8""",172
0,4,9,1,167.9,76.3,"5' 9""",176
0,5,8,1,203.5,92.5,"5' 10""",177
1,7,2,7,173.8,79,"5' 5""",164
1,2,9,1,194.5,88.4,"5' 2""",158
1,7,4,1,120.3,54.7,"5' 7""",169
0,0,2,7,138.2,62.8,"5' 8""",172
1,6,2,7,202.8,92.2,"5' 7""",170
0,2,9,6,252.6,114.8,"5' 7""",169
0,4,8,7,213.8,97.2,"5' 6""",167
1,11,3,6,167.6,76.2,"5' 3""",161
1,7,0,4,225.5,102.5,"5' 4""",163
1,2,0,3,201.1,91.4,"5' 6""",167
1,7,4,7,222.9,101.3,"5' 2""",157
0,7,7,7,249.3,113.3,"5' 9""",175
1,7,11,7,165.2,75.1,"5' 6""",167
0,3,9,1,180.4,82,"5' 4""",163
1,6,1,3,122.1,55.5,"5' 7""",171
0,3,2,7,186.6,84.8,"6' 2""",187
1,5,0,3,152.5,69.3,"5' 9""",175
0,3,11,1,192.1,87.3,"5' 9""",176
0,3,5,0,223.5,101.6,"6' 1""",185
1,10,8,7,224,101.8,"5' 1""",154
0,4,1,7,141,64.1,"6' 2""",188
1,6,1,4,143.9,65.4,"5' 6""",168
0,7,0,7,207,94.1,"6' 2""",187
0,0,0,1,162.4,73.8,"5' 7""",170
1,7,7,0,231,105,"5' 2""",158
1,6,0,7,115.3,52.4,"5' 7""",170
0,10,4,3,177.5,80.7,"5' 5""",165
1,8,6,4,215.2,97.8,"5' 7""",171
0,7,6,3,132.4,60.2,"5' 5""",165
1,6,7,7,222.2,101,"5' 7""",169
0,4,7,7,133.3,60.6,"5' 5""",166
1,10,5,1,203.3,92.4,"5' 7""",171
1,3,5,4,216.3,98.3,"5' 7""",171
1,8,5,3,172.5,78.4,"5' 9""",175
1,5,4,7,218,99.1,"5' 1""",156
1,6,2,1,166.8,75.8,"5' 7""",169
0,0,0,4,165.9,75.4,"5' 6""",168
0,7,1,1,204.6,93,"5' 11""",181
1,8,5,3,119.7,54.4,"5' 2""",158
1,3,10,7,155.5,70.7,"5' 7""",171
1,1,7,3,121.4,55.2,"5' 6""",167
1,7,11,7,191,86.8,"5' 2""",158
0,11,9,1,168.5,76.6,"5' 9""",174
0,4,7,1,203.3,92.4,"5' 9""",174
1,8,0,3,164.6,74.8,"5' 5""",164
0,11,5,1,163.5,74.3,"5' 9""",176
0,11,2,3,196.7,89.4,"6' 2""",187
1,5,7,3,177.8,80.8,"5' 7""",169
1,0,5,3,192.5,87.5,"5' 9""",175
1,6,2,7,155.1,70.5,"5' 6""",168
0,3,0,3,170.3,77.4,"5' 10""",179
0,9,2,7,175.8,79.9,"5' 6""",168
0,8,9,1,205.3,93.3,"5' 10""",177
1,0,2,1,127.2,57.8,"5' 4""",163
0,4,9,1,218.7,99.4,"5' 6""",167
0,4,6,7,151.4,68.8,"5' 6""",167
1,6,3,1,142.8,64.9,"5' 3""",160
0,6,10,3,179.1,81.4,"5' 9""",174
1,6,0,3,158.2,71.9,"5' 5""",165
0,0,2,3,206.8,94,"5' 5""",165
0,3,5,7,170.1,77.3,"5' 9""",174
1,3,1,7,141.7,64.4,"5' 6""",168
1,2,0,7,178.9,81.3,"5' 7""",169
0,7,5,3,191.2,86.9,"5' 10""",178
1,7,9,7,152.2,69.2,"5' 1""",154
1,0,7,7,143,65,"5' 1""",155
1,7,0,1,192.7,87.6,"5' 6""",168
0,11,4,3,209.4,95.2,"5' 8""",173
0,9,11,4,168.7,76.7,"5' 9""",175
0,8,0,1,140.1,63.7,"5' 11""",181
1,3,11,1,192.5,87.5,"5' 4""",162
0,0,3,7,255,115.9,"6' 1""",185
1,3,3,7,135.5,61.6,"5' 4""",162
1,6,5,0,108.7,49.4,"5' 2""",157
1,5,8,3,189.2,86,"5' 5""",164
0,1,10,3,161.9,73.6,"5' 9""",176
0,8,11,3,229,104.1,"6' 0""",183
1,6,9,7,173.8,79,"5' 7""",171
1,6,8,3,125.6,57.1,"5' 8""",173
0,6,8,3,221.5,100.7,"5' 8""",173
1,6,0,1,229.5,104.3,"5' 1""",156
1,9,8,0,162.6,73.9,"5' 2""",158
1,3,1,1,194.7,88.5,"5' 5""",165
1,3,4,1,222.4,101.1,"5' 1""",155
1,2,7,1,214.7,97.6,"5' 7""",170
0,7,4,7,240.2,109.2,"5' 10""",178
1,4,6,7,158.4,72,"5' 7""",171
1,6,10,1,198,90,"5' 5""",165
0,6,10,0,229,104.1,"5' 10""",178
1,7,11,7,154.7,70.3,"5' 6""",167
0,9,11,1,245.1,111.4,"5' 11""",181
1,7,8,1,193.6,88,"5' 3""",161
1,7,8,7,203.3,92.4,"5' 4""",163
0,10,8,7,136.8,62.2,"5' 6""",167
0,6,4,3,142.6,64.8,"5' 10""",178
1,9,3,7,197.3,89.7,"5' 5""",165
0,3,5,1,207.5,94.3,"6' 2""",189
1,7,5,7,184.1,83.7,"5' 2""",158
1,9,0,6,225.7,102.6,"5' 0""",152
0,8,2,3,217.6,98.9,"6' 1""",186
0,6,10,1,217.6,98.9,"5' 9""",176
1,5,11,7,201.3,91.5,"5' 1""",156
0,7,8,7,244.9,111.3,"5' 8""",173
1,6,1,1,122.8,55.8,"5' 7""",170
0,6,8,7,145.9,66.3,"5' 9""",175
0,7,4,1,240.7,109.4,"6' 1""",186
0,6,3,7,200,90.9,"5' 9""",175
1,6,0,4,153.3,69.7,"5' 2""",158
0,7,8,7,195.4,88.8,"5' 5""",164
1,2,11,6,147.6,67.1,"5' 7""",171
1,3,10,2,112,50.9,"5' 1""",155
1,3,7,4,130.7,59.4,"5' 7""",171
0,7,5,3,213.8,97.2,"5' 11""",180
1,5,8,6,191.6,87.1,"5' 9""",175
1,7,6,1,116.2,52.8,"5' 5""",165
0,3,8,7,223.5,101.6,"5' 9""",176
1,4,9,4,154.7,70.3,"5' 6""",168
1,6,9,3,184.4,83.8,"5' 7""",171
1,8,2,4,112.4,51.1,"5' 2""",158
0,4,11,7,214.1,97.3,"5' 10""",178
1,11,1,6,164.6,74.8,"5' 7""",170
1,5,11,7,139,63.2,"5' 4""",162
0,6,9,3,228.6,103.9,"6' 0""",182
1,5,5,3,142.3,64.7,"5' 7""",169
1,6,4,3,143,65,"5' 3""",161
1,4,7,3,194.5,88.4,"5' 9""",175
0,4,2,7,178.9,81.3,"5' 11""",180
1,11,9,7,207.9,94.5,"5' 2""",157
1,6,9,7,111.1,50.5,"5' 1""",155
0,4,0,7,193.6,88,"5' 5""",164
1,11,4,1,146.7,66.7,"5' 2""",157
0,5,3,3,240,109.1,"6' 1""",185
1,5,0,1,105.6,48,"5' 3""",160
1,6,9,7,212.1,96.4,"5' 5""",166
1,4,9,7,206.4,93.8,"5' 0""",153
0,3,6,1,217.1,98.7,"5' 6""",167
0,7,8,0,222.9,101.3,"5' 9""",174
0,6,1,1,230.8,104.9,"6' 3""",190
1,6,7,1,147.8,67.2,"5' 3""",161
1,7,10,1,120.1,54.6,"5' 0""",152
0,3,4,7,179.7,81.7,"6' 0""",184
0,4,7,6,175.8,79.9,"5' 10""",177
0,4,0,1,137.1,62.3,"5' 5""",165
1,2,0,1,170.9,77.7,"5' 9""",175
1,5,0,1,176.9,80.4,"5' 7""",171
1,4,10,7,222,100.9,"5' 4""",162
0,3,7,7,158.4,72,"5' 9""",174
1,4,6,0,170.3,77.4,"5' 9""",174
0,6,8,7,183.3,83.3,"6' 0""",182
1,6,5,6,187.9,85.4,"5' 5""",166
1,9,1,4,114,51.8,"5' 6""",167
0,5,10,7,196,89.1,"5' 9""",174
0,7,5,1,171.2,77.8,"5' 8""",173
1,8,3,7,116.2,52.8,"5' 3""",160
0,6,4,1,219.3,99.7,"5' 8""",172
0,6,11,7,218.7,99.4,"5' 10""",179
1,4,5,7,144.3,65.6,"5' 0""",152
1,7,0,7,171.6,78,"5' 2""",157
0,4,6,3,212.5,96.6,"5' 11""",181
1,2,7,1,217.4,98.8,"5' 3""",161
0,0,0,1,212.1,96.4,"5' 9""",176
0,6,9,7,164.3,74.7,"5' 9""",176
1,5,10,7,189.9,86.3,"5' 1""",156
0,5,1,3,187.2,85.1,"5' 6""",167
0,4,5,7,176,80,"5' 11""",181
1,3,3,7,166.8,75.8,"5' 2""",158
1,6,4,7,176.9,80.4,"5' 8""",172
1,7,7,1,155.3,70.6,"5' 8""",173
0,7,1,1,147.6,67.1,"5' 9""",176
1,5,8,7,112.6,51.2,"5' 3""",160
0,9,3,7,154,70,"5' 7""",169
0,6,4,4,216.5,98.4,"6' 0""",183
0,11,9,7,206.1,93.7,"5' 8""",173
0,7,10,1,156.9,71.3,"5' 9""",174
0,2,2,3,151.4,68.8,"5' 10""",178
1,7,5,6,174.7,79.4,"5' 3""",161
0,7,8,7,154,70,"5' 5""",166
1,11,4,7,213.6,97.1,"5' 9""",174
1,7,7,3,191,86.8,"5' 4""",162
0,9,8,4,181.5,82.5,"5' 7""",171
1,9,4,1,134.2,61,"5' 3""",160
0,3,1,7,146.1,66.4,"5' 6""",167
0,9,1,7,176.2,80.1,"6' 0""",182
0,11,11,3,177.8,80.8,"6' 0""",184
0,7,2,1,194.9,88.6,"5' 6""",167
1,7,3,3,165.7,75.3,"5' 2""",158
1,2,1,4,108.7,49.4,"5' 1""",155
1,4,6,7,118.4,53.8,"5' 7""",169
0,7,0,7,207.5,94.3,"5' 8""",172
0,3,2,7,227.5,103.4,"6' 3""",190
0,6,7,3,211.9,96.3,"5' 9""",174
0,6,2,6,175.3,79.7,"5' 5""",165
1,7,10,7,143.2,65.1,"5' 5""",165
1,11,2,1,112.2,51,"5' 0""",153
1,1,2,3,145,65.9,"5' 3""",160
0,0,3,6,181.5,82.5,"5' 4""",163
1,3,3,3,177.8,80.8,"5' 2""",157
0,4,1,3,236.5,107.5,"5' 7""",170
0,4,10,1,224.2,101.9,"6' 1""",185
1,4,10,7,185.7,84.4,"5' 6""",167
0,10,5,7,146.7,66.7,"5' 11""",181
0,7,9,7,183.3,83.3,"6' 2""",188
1,4,8,4,144.5,65.7,"5' 6""",167
0,7,4,1,137.7,62.6,"5' 10""",178
1,6,3,7,205,93.2,"5' 8""",173
0,6,1,1,161.9,73.6,"5' 8""",173
1,6,11,6,176.2,80.1,"5' 5""",166
1,2,10,1,140.1,63.7,"5' 0""",152
0,5,3,6,232.1,105.5,"5' 7""",169
1,9,1,1,200.2,91,"5' 1""",154
0,2,10,7,248.8,113.1,"5' 9""",176
1,7,1,3,187,85,"5' 0""",152
0,7,11,1,199.1,90.5,"5' 6""",168
1,4,1,3,160.8,73.1,"5' 1""",154
1,8,11,6,161.5,73.4,"5' 5""",164
1,0,6,1,161,73.2,"5' 5""",165
1,6,8,1,116.8,53.1,"5' 4""",163
1,5,9,1,141,64.1,"5' 1""",154
1,3,1,7,112.2,51,"5' 7""",171
0,3,8,7,252.3,114.7,"5' 10""",178
1,6,2,7,202,91.8,"5' 7""",171
0,6,7,7,151.4,68.8,"6' 2""",187
0,1,10,7,186.3,84.7,"5' 9""",174
1,5,4,4,184.4,83.8,"4' 11""",151
1,0,3,1,222.2,101,"5' 3""",160
1,0,5,1,143.4,65.2,"5' 7""",171
1,7,4,3,217.6,98.9,"5' 3""",159
0,10,6,1,162.1,73.7,"6' 0""",183
0,3,6,3,202.2,91.9,"6' 0""",182
0,3,10,1,167.9,76.3,"5' 4""",163
0,6,2,7,206.8,94,"5' 9""",176
1,7,4,7,171.8,78.1,"5' 6""",167
0,6,0,1,208.8,94.9,"5' 8""",173
1,7,8,7,180.6,82.1,"5' 2""",157
1,7,8,1,216.7,98.5,"5' 2""",158
1,7,10,3,202.6,92.1,"5' 3""",159
0,11,5,3,222,100.9,"5' 9""",176
1,11,2,0,198,90,"5' 3""",160
1,6,9,6,128.5,58.4,"5' 8""",172
1,0,1,1,106.3,48.3,"5' 8""",172
1,9,10,7,177.5,80.7,"5' 5""",166
0,7,3,3,164.1,74.6,"5' 7""",171
0,4,8,4,196,89.1,"5' 7""",169
0,4,1,3,231.2,105.1,"6' 0""",184
1,6,2,7,169.2,76.9,"5' 6""",168
1,0,11,6,143.9,65.4,"5' 3""",161
0,7,10,3,142.1,64.6,"5' 7""",170
0,6,1,3,219.8,99.9,"5' 6""",168
0,4,7,1,149.2,67.8,"6' 0""",183
0,6,11,7,233.2,106,"5' 8""",172
1,4,8,7,207,94.1,"5' 5""",166
0,5,4,7,209.7,95.3,"5' 7""",171
0,0,1,1,142.6,64.8,"5' 10""",178
0,4,7,7,171.8,78.1,"5' 6""",167
0,0,7,1,256.3,116.5,"5' 7""",171
1,7,3,7,204.8,93.1,"5' 3""",160
1,5,2,6,170.5,77.5,"5' 4""",163
0,6,10,3,223.5,101.6,"5' 10""",178
1,11,2,3,121.4,55.2,"5' 3""",159
0,6,1,7,157.7,71.7,"6' 0""",182
1,7,11,4,172.5,78.4,"5' 4""",163
1,3,9,7,167,75.9,"5' 8""",173
0,3,3,1,247.5,112.5,"6' 0""",182
0,7,5,7,140.8,64,"5' 8""",173
1,3,5,7,165.2,75.1,"5' 5""",166
1,7,1,6,173.8,79,"5' 3""",161
1,11,10,3,229.9,104.5,"5' 0""",153
1,6,1,1,117.9,53.6,"5' 3""",159
0,7,11,1,219.1,99.6,"6' 1""",186
0,6,2,1,152.9,69.5,"5' 7""",169
1,9,8,1,197.6,89.8,"5' 5""",166
0,2,10,2,160.6,73,"5' 8""",172
0,2,8,7,188.3,85.6,"5' 10""",179
0,9,6,7,176.4,80.2,"6' 0""",183
0,7,1,7,194.9,88.6,"6' 1""",185
0,7,11,7,245.1,111.4,"6' 0""",182
0,1,1,3,164.3,74.7,"5' 10""",178
0,9,0,3,144.1,65.5,"5' 7""",171
0,6,6,3,204.6,93,"5' 9""",174
1,6,3,1,144.5,65.7,"5' 4""",163
1,7,10,3,150.5,68.4,"5' 6""",168
0,3,9,7,253,115,"5' 10""",179
0,6,7,7,212.5,96.6,"5' 9""",176
1,6,8,6,113.1,51.4,"5' 4""",162
0,7,5,6,185,84.1,"6' 0""",182
1,8,8,7,180,81.8,"5' 1""",155
1,5,7,1,105.8,48.1,"5' 6""",167
0,8,11,7,218.9,99.5,"5' 5""",164
0,4,11,7,218.9,99.5,"5' 6""",168
1,6,9,7,184.1,83.7,"5' 6""",168
0,6,6,4,244,110.9,"6' 0""",183
0,6,11,3,233,105.9,"5' 7""",169
0,7,3,6,146.1,66.4,"6' 0""",183
0,5,4,7,248.2,112.8,"5' 7""",169
0,7,4,4,185.7,84.4,"6' 1""",185
1,8,4,7,162.4,73.8,"5' 4""",162
0,1,0,1,199.1,90.5,"5' 11""",181
0,3,5,3,244.6,111.2,"6' 0""",182
0,2,6,1,219.3,99.7,"6' 1""",185
1,11,11,3,192.1,87.3,"5' 5""",164
0,2,3,3,248.6,113,"5' 9""",176
0,3,7,1,196.5,89.3,"5' 10""",177
0,4,1,7,246.6,112.1,"5' 5""",166
0,6,8,1,174,79.1,"5' 7""",171
1,6,5,3,125,56.8,"5' 6""",167
0,11,0,1,203.1,92.3,"5' 10""",177
1,7,11,1,195.4,88.8,"5' 6""",167
0,0,4,7,145.9,66.3,"5' 9""",174
0,4,1,1,176.9,80.4,"5' 9""",174
1,4,11,3,215.8,98.1,"5' 6""",168
0,6,0,7,233.4,106.1,"5' 8""",173
0,6,4,7,204.8,93.1,"5' 7""",170
0,4,0,1,215.2,97.8,"5' 9""",175
1,7,6,4,225.7,102.6,"5' 3""",160
0,7,2,3,173.8,79,"6' 1""",186
0,4,9,1,117,53.2,"6' 0""",182
1,9,1,7,154.7,70.3,"5' 5""",165
0,11,6,3,166.5,75.7,"5' 4""",162
0,7,4,7,213,96.8,"6' 2""",187
0,7,3,3,246.2,111.9,"5' 7""",169
1,7,7,7,190.7,86.7,"5' 5""",164
0,10,3,7,249.5,113.4,"5' 10""",177
1,11,10,7,159.5,72.5,"5' 7""",170
1,3,4,7,153.6,69.8,"5' 6""",167
0,4,0,1,209.9,95.4,"5' 10""",178
0,3,3,3,199.5,90.7,"6' 0""",182
0,6,5,7,204.4,92.9,"5' 8""",172
1,6,3,3,115.1,52.3,"5' 1""",155
0,9,3,1,208.8,94.9,"5' 7""",170
1,6,2,7,160.4,72.9,"5' 6""",168
0,4,6,1,165,75,"6' 0""",183
0,2,4,7,171.8,78.1,"5' 8""",173
1,7,7,2,143,65,"5' 8""",172
1,8,10,3,113.3,51.5,"5' 9""",174
1,1,11,2,184.1,83.7,"5' 2""",157
0,2,11,3,186.3,84.7,"5' 9""",174
0,11,8,7,173.1,78.7,"6' 3""",190
0,6,7,4,200.9,91.3,"5' 10""",178
0,6,1,7,145.2,66,"5' 11""",180
0,5,7,1,206.8,94,"5' 6""",168
1,4,2,3,212.3,96.5,"5' 6""",167
0,2,0,1,175.6,79.8,"6' 0""",182
0,7,3,7,130.7,59.4,"5' 8""",172
1,10,10,7,182.2,82.8,"5' 2""",158
1,7,3,3,130.7,59.4,"5' 3""",160
1,4,3,7,221.3,100.6,"5' 2""",158
1,2,4,7,117,53.2,"5' 1""",156
1,6,11,1,229.5,104.3,"5' 1""",155
1,6,8,7,166.5,75.7,"5' 5""",166
1,6,7,1,147.6,67.1,"5' 4""",162
0,6,2,1,247.7,112.6,"5' 9""",174
0,0,4,3,249.5,113.4,"5' 10""",178
0,4,11,3,219.1,99.6,"5' 8""",173
1,3,1,7,122.1,55.5,"5' 9""",175
0,6,7,3,184.4,83.8,"5' 7""",170
1,6,7,3,136,61.8,"5' 8""",172
0,4,8,1,157.3,71.5,"5' 7""",170
0,11,1,3,250.8,114,"6' 1""",185
1,0,6,7,216,98.2,"5' 0""",152
0,7,2,7,238.3,108.3,"5' 9""",175
1,3,2,7,214.3,97.4,"5' 4""",162
0,6,9,4,169.6,77.1,"5' 6""",168
1,7,11,1,134.2,61,"5' 7""",171
1,10,9,3,171.8,78.1,"5' 2""",158
0,3,3,7,181.7,82.6,"5' 4""",163
1,6,3,5,128.5,58.4,"5' 7""",170
1,4,4,4,205,93.2,"5' 5""",166
0,11,4,3,235.6,107.1,"5' 10""",178
0,3,5,7,192.5,87.5,"6' 0""",183
0,2,7,3,185.2,84.2,"5' 6""",167
0,2,8,4,146.7,66.7,"6' 1""",186
0,7,10,1,160.6,73,"5' 10""",177
1,4,8,3,122.5,55.7,"5' 6""",168
0,6,11,0,201.5,91.6,"5' 5""",164
1,6,7,7,111.1,50.5,"5' 3""",161
1,3,2,1,175.8,79.9,"5' 6""",167
0,7,5,1,225.3,102.4,"5' 7""",171
0,4,5,3,149.6,68,"6' 0""",182
1,1,5,7,154.9,70.4,"5' 5""",166
0,0,9,3,195.1,88.7,"6' 2""",189
1,7,0,7,182.8,83.1,"5' 1""",156
0,4,10,7,199.3,90.6,"5' 10""",178
0,11,5,7,206.4,93.8,"6' 2""",189
0,7,2,1,163.5,74.3,"5' 7""",170
1,6,2,3,147.4,67,"5' 6""",168
1,3,5,3,156.2,71,"5' 4""",162
1,7,1,1,119.9,54.5,"5' 8""",173
0,9,11,1,147,66.8,"6' 0""",183
0,3,3,1,159.7,72.6,"6' 0""",184
0,10,5,7,190.7,86.7,"5' 5""",166
1,3,2,7,229.9,104.5,"5' 8""",172
0,6,7,3,171.8,78.1,"5' 9""",174
0,5,5,1,192.5,87.5,"5' 10""",179
1,6,7,7,191.6,87.1,"5' 3""",160
1,6,11,1,178,80.9,"5' 5""",164
0,7,9,7,154.2,70.1,"5' 8""",173
1,0,4,7,224.6,102.1,"5' 1""",155
0,7,3,7,200.2,91,"6' 1""",185
0,7,6,7,242.9,110.4,"5' 10""",178
1,6,4,7,139,63.2,"5' 3""",161
1,11,4,7,178.2,81,"5' 4""",162
0,2,4,3,233.2,106,"5' 8""",172
0,6,11,4,179.7,81.7,"5' 9""",175
0,4,2,1,172,78.2,"6' 1""",185
0,2,6,3,174.9,79.5,"5' 11""",181
0,3,7,6,192.7,87.6,"5' 7""",171
1,7,1,1,143.4,65.2,"5' 1""",156
0,6,4,3,152.7,69.4,"5' 6""",167
0,9,11,7,175.8,79.9,"5' 7""",171
1,5,10,7,138.2,62.8,"4' 11""",151
0,10,3,6,161.9,73.6,"6' 0""",183
0,3,5,7,178,80.9,"5' 7""",169
1,7,1,3,189.4,86.1,"5' 4""",162
0,4,1,7,186.8,84.9,"5' 11""",181
1,3,9,7,221.8,100.8,"5' 2""",157
0,1,10,1,142.1,64.6,"6' 1""",185
0,7,1,7,166.5,75.7,"5' 9""",176
0,4,11,1,183.7,83.5,"5' 10""",177
1,2,5,7,121.7,55.3,"5' 5""",164
1,0,9,3,163.7,74.4,"5' 4""",163
1,0,7,7,138.8,63.1,"5' 1""",156
0,6,5,3,208.6,94.8,"5' 8""",173
1,3,11,1,211.2,96,"5' 3""",161
0,5,5,4,138.2,62.8,"6' 1""",185
1,10,6,7,114.6,52.1,"5' 1""",154
1,1,6,3,145.4,66.1,"5' 7""",170
0,11,9,1,175.1,79.6,"5' 11""",180
0,7,1,7,154.2,70.1,"6' 2""",187
0,6,11,1,182.4,82.9,"6' 0""",183
1,4,5,7,196.2,89.2,"5' 5""",165
0,2,6,1,164.8,74.9,"5' 7""",170
1,6,9,1,141.5,64.3,"5' 7""",171
0,4,6,1,190.5,86.6,"6' 1""",185
1,4,10,2,199.5,90.7,"5' 7""",171
1,5,11,4,194.3,88.3,"5' 1""",154
0,6,1,7,138.6,63,"6' 1""",185
0,5,8,3,228.4,103.8,"6' 0""",184
1,6,0,3,157.7,71.7,"5' 2""",158
1,2,6,7,142.1,64.6,"5' 8""",173
1,7,9,1,189.2,86,"5' 4""",162
1,6,1,7,123.4,56.1,"5' 5""",164
0,11,4,7,182.6,83,"5' 6""",168
0,6,9,1,196.5,89.3,"6' 0""",183
0,8,6,3,244.6,111.2,"5' 9""",176
0,8,7,7,144.8,65.8,"5' 8""",172
1,4,7,1,136,61.8,"5' 4""",163
1,4,2,4,191.8,87.2,"5' 2""",158
1,7,3,0,196,89.1,"5' 2""",157
0,8,7,7,213.4,97,"5' 4""",163
0,7,5,3,211.6,96.2,"5' 7""",169
1,9,11,7,189.2,86,"5' 8""",173
1,7,5,3,113.1,51.4,"5' 7""",169
0,6,2,6,190.1,86.4,"6' 0""",182
0,6,4,3,160.6,73,"6' 0""",182
0,6,3,7,230.8,104.9,"6' 1""",186
0,3,9,3,156.2,71,"5' 5""",164
1,3,6,0,132,60,"5' 1""",155
0,4,3,3,237.6,108,"5' 8""",172
0,6,10,3,155.8,70.8,"5' 10""",177
0,7,1,7,207.7,94.4,"5' 4""",163
1,6,2,1,121.2,55.1,"5' 4""",163
0,2,4,3,231.7,105.3,"5' 9""",174
0,7,10,1,126.9,57.7,"5' 9""",174
0,4,5,7,253.2,115.1,"5' 6""",167
0,6,5,7,211.9,96.3,"5' 8""",172
1,3,1,3,218.2,99.2,"5' 5""",166
0,5,8,1,213.2,96.9,"5' 8""",172
1,10,0,1,109.1,49.6,"5' 6""",167
1,0,8,7,166.1,75.5,"5' 1""",156
0,9,5,1,159.5,72.5,"5' 5""",165
0,6,0,7,141.2,64.2,"5' 5""",164
0,7,10,7,212.1,96.4,"5' 7""",170
1,0,3,3,144.5,65.7,"5' 7""",171
1,3,11,6,236.1,107.3,"5' 4""",163
1,7,9,7,213.6,97.1,"5' 1""",154
1,8,4,4,182.6,83,"5' 3""",161
1,8,6,3,210.8,95.8,"5' 3""",161
1,4,2,4,110.4,50.2,"5' 1""",156
1,4,10,2,154.7,70.3,"5' 5""",165
1,2,1,4,138.4,62.9,"5' 1""",155
1,6,10,3,182.8,83.1,"5' 1""",155
0,7,2,1,212.1,96.4,"5' 11""",180
1,4,10,7,154.7,70.3,"5' 5""",165
0,6,2,7,189.9,86.3,"5' 9""",176
1,7,6,7,173.8,79,"5' 3""",159
0,7,0,7,221.8,100.8,"6' 0""",184
0,0,4,7,211,95.9,"6' 2""",188
0,2,10,3,203.1,92.3,"5' 6""",168
0,5,9,1,172.7,78.5,"5' 8""",173
1,6,9,7,106.9,48.6,"5' 3""",159
0,0,9,3,181.5,82.5,"5' 9""",174
0,5,9,7,229.2,104.2,"5' 5""",166
0,7,5,1,225.7,102.6,"5' 9""",174
0,4,10,3,249.9,113.6,"5' 9""",174
0,4,5,1,141.5,64.3,"5' 11""",181
0,4,9,7,150.3,68.3,"6' 0""",183
0,6,5,7,144.3,65.6,"5' 7""",170
0,3,2,7,228.8,104,"5' 10""",177
0,4,5,7,159.1,72.3,"5' 8""",173
0,10,3,7,202.2,91.9,"5' 11""",180
1,7,2,7,140.6,63.9,"5' 7""",171
1,6,2,1,153.8,69.9,"5' 7""",170
1,9,2,6,123.9,56.3,"5' 7""",171
1,6,8,4,123,55.9,"5' 5""",165
0,11,3,3,166.5,75.7,"6' 0""",184
1,2,7,7,119.2,54.2,"5' 5""",164
0,4,3,1,190.1,86.4,"5' 9""",176
0,6,5,7,138.8,63.1,"6' 1""",186
0,2,7,7,249.9,113.6,"6' 2""",188
1,5,8,7,190.5,86.6,"5' 5""",164
1,2,6,0,207.9,94.5,"5' 1""",155
0,7,2,6,157.1,71.4,"6' 0""",182
1,7,4,3,198.2,90.1,"5' 7""",171
1,5,8,7,175.6,79.8,"5' 6""",168
1,1,5,3,128.7,58.5,"5' 4""",163
1,7,8,4,164.1,74.6,"5' 6""",168
0,5,11,1,246,111.8,"6' 1""",185
1,4,11,3,205.5,93.4,"5' 6""",168
1,4,7,1,190.3,86.5,"5' 7""",169
1,6,11,1,168.5,76.6,"5' 4""",163
1,6,11,1,212.7,96.7,"5' 1""",154
0,7,1,0,235.2,106.9,"6' 0""",183
0,10,11,6,254.5,115.7,"5' 11""",180
0,6,3,3,142.6,64.8,"5' 11""",181
0,7,11,7,244.4,111.1,"5' 7""",171
1,7,6,6,190.3,86.5,"5' 5""",164
0,2,7,4,199.1,90.5,"5' 5""",164
1,4,3,6,181.7,82.6,"5' 5""",165
0,6,10,1,139.3,63.3,"6' 0""",183
1,2,1,1,217.1,98.7,"5' 5""",166
0,4,2,1,153.6,69.8,"5' 5""",165
1,5,1,3,219.6,99.8,"5' 1""",155
1,5,10,7,188.1,85.5,"5' 1""",156
0,7,6,1,137.3,62.4,"6' 0""",184
0,11,0,7,152.2,69.2,"5' 7""",171
0,5,0,1,143.7,65.3,"5' 11""",181
0,11,11,1,224.6,102.1,"6' 0""",182
1,11,11,7,142.6,64.8,"5' 3""",159
0,2,8,7,233.2,106,"5' 11""",180
1,4,10,1,208.6,94.8,"5' 2""",157
1,7,7,7,168.7,76.7,"5' 4""",162
0,10,10,3,202.2,91.9,"6' 0""",182
1,6,2,1,140.4,63.8,"5' 3""",161
0,8,11,7,222.4,101.1,"5' 8""",172
0,2,4,1,176.9,80.4,"5' 9""",175
0,6,9,7,160.8,73.1,"5' 10""",177
0,3,0,7,180.4,82,"5' 10""",178
0,2,8,7,216.5,98.4,"5' 7""",169
0,8,5,7,189.6,86.2,"5' 10""",177
1,4,9,7,164.6,74.8,"5' 2""",157
1,4,4,7,154.4,70.2,"5' 5""",166
0,0,2,3,234.1,106.4,"5' 11""",181
0,0,0,3,179.3,81.5,"5' 5""",164
1,3,2,7,169,76.8,"5' 8""",172
0,6,9,7,220.4,100.2,"6' 1""",185
1,2,3,7,191.8,87.2,"5' 6""",168
1,4,3,1,199.5,90.7,"5' 8""",173
1,3,4,7,181.7,82.6,"5' 8""",173
1,10,2,6,217.8,99,"5' 1""",155
1,6,10,1,116.4,52.9,"5' 8""",173
0,3,9,3,149.4,67.9,"5' 7""",170
1,7,6,3,197.6,89.8,"5' 3""",160
1,8,11,7,153.1,69.6,"5' 6""",168
0,4,2,7,236.3,107.4,"5' 6""",168
1,7,4,3,142.6,64.8,"5' 0""",153
0,0,0,7,220.7,100.3,"5' 7""",170
0,0,2,3,136.4,62,"5' 4""",163
0,4,5,7,151.4,68.8,"5' 7""",170
0,3,4,0,185.7,84.4,"5' 8""",173
1,6,11,4,122.3,55.6,"5' 1""",156
1,6,6,3,179.5,81.6,"5' 7""",171
1,10,8,0,144.3,65.6,"5' 4""",162
0,7,3,3,163.7,74.4,"5' 9""",174
0,6,2,1,236.9,107.7,"5' 9""",175
1,4,9,1,110,50,"5' 8""",172
1,0,10,6,172.7,78.5,"5' 6""",168
1,7,3,6,208.8,94.9,"5' 7""",170
1,0,8,7,180.6,82.1,"5' 1""",156
0,3,9,7,181.3,82.4,"5' 6""",167
1,5,0,3,232.1,105.5,"5' 2""",158
0,7,6,3,256.7,116.7,"5' 11""",180
1,3,10,7,211.2,96,"5' 4""",162
0,6,6,1,192.1,87.3,"5' 11""",180
0,6,4,0,227.5,103.4,"5' 10""",177
0,6,2,3,187.7,85.3,"5' 10""",178
1,6,5,7,149.6,68,"5' 6""",167
0,9,9,1,184.8,84,"5' 9""",175
1,4,11,3,189.2,86,"5' 0""",153
0,7,10,1,195.8,89,"6' 1""",185
0,1,8,7,194.9,88.6,"5' 11""",180
0,11,2,7,148.9,67.7,"5' 11""",181
0,3,4,7,155.8,70.8,"5' 7""",170
0,7,11,3,239.4,108.8,"5' 7""",169
1,6,8,7,200,90.9,"5' 1""",154
0,6,11,7,191.4,87,"5' 10""",177
1,4,11,1,200.4,91.1,"5' 3""",161
1,5,7,1,191,86.8,"5' 5""",165
1,1,0,3,134.2,61,"5' 3""",161
1,6,3,3,211.2,96,"5' 4""",163
0,4,11,3,175.6,79.8,"5' 11""",181
0,5,10,1,138.4,62.9,"5' 7""",170
1,6,5,1,221.5,100.7,"5' 7""",171
1,3,5,1,146.1,66.4,"5' 3""",159
0,4,4,7,216,98.2,"6' 1""",186
1,7,4,1,221.8,100.8,"5' 6""",167
0,6,3,7,145.2,66,"5' 11""",180
1,6,9,3,143.2,65.1,"5' 7""",169
1,9,9,3,170.3,77.4,"5' 3""",161
0,11,5,6,218,99.1,"5' 8""",173
1,8,4,4,144.3,65.6,"5' 7""",170
0,8,8,6,219.3,99.7,"5' 9""",174
1,7,7,7,219.1,99.6,"5' 2""",157
0,6,3,7,195.4,88.8,"5' 5""",165
1,6,4,7,150.3,68.3,"5' 1""",156
0,5,2,1,156.4,71.1,"5' 6""",167
1,7,4,3,127.2,57.8,"5' 2""",158
1,4,10,1,134.2,61,"5' 3""",160
1,3,1,7,216.9,98.6,"5' 3""",159
1,6,8,3,114.8,52.2,"5' 6""",167
0,6,7,7,224.6,102.1,"5' 6""",167
0,5,5,1,155.3,70.6,"6' 2""",187
0,0,10,7,172.7,78.5,"5' 10""",177
0,7,3,7,231.4,105.2,"6' 1""",185
1,6,11,3,121.7,55.3,"5' 1""",156
1,6,6,7,165.9,75.4,"5' 3""",159
0,6,0,4,181.5,82.5,"5' 6""",167
0,6,2,7,238.9,108.6,"5' 9""",176
0,6,0,6,171.8,78.1,"5' 10""",178
0,7,1,7,209,95,"6' 3""",190
0,3,7,4,181.5,82.5,"5' 9""",175
0,7,11,3,142.8,64.9,"5' 8""",173
0,3,10,7,199.1,90.5,"5' 9""",175
0,5,8,0,197.1,89.6,"6' 2""",188
1,6,2,7,114,51.8,"5' 7""",171
1,4,6,3,146.3,66.5,"5' 9""",174
0,5,11,6,189.9,86.3,"5' 6""",168
0,4,1,1,178.2,81,"5' 7""",169
0,4,4,7,215.8,98.1,"6' 2""",188
1,6,5,3,222.2,101,"5' 9""",174
0,7,8,1,221.8,100.8,"5' 10""",177
0,9,6,1,203.7,92.6,"5' 7""",171
0,6,7,1,181.5,82.5,"5' 5""",166
0,3,0,3,185.9,84.5,"5' 9""",174
1,2,3,7,113.5,51.6,"5' 3""",160
1,6,8,7,224.6,102.1,"5' 0""",153
0,0,2,7,239.1,108.7,"5' 10""",178
1,6,10,1,113.5,51.6,"5' 6""",167
0,5,2,1,185.9,84.5,"6' 2""",187
0,11,2,7,216.9,98.6,"6' 1""",186
1,10,3,7,208.6,94.8,"5' 5""",166
1,6,8,4,202,91.8,"5' 5""",164
1,0,2,1,137.5,62.5,"5' 6""",167
1,11,10,3,171.4,77.9,"5' 5""",165
1,7,5,7,112.9,51.3,"5' 5""",166
1,4,10,7,209.9,95.4,"5' 5""",165
0,9,11,7,229.7,104.4,"5' 11""",180
0,4,2,4,180,81.8,"5' 6""",167
1,6,3,1,137.5,62.5,"4' 11""",151
0,10,7,1,195.8,89,"5' 11""",180
1,3,5,7,186.8,84.9,"5' 1""",154
0,6,4,3,125.8,57.2,"6' 2""",187
1,6,10,1,204.8,93.1,"5' 0""",153
1,3,5,1,191,86.8,"5' 6""",168
0,7,9,7,174.2,79.2,"5' 7""",171
1,10,11,7,194.9,88.6,"5' 5""",165
1,4,2,1,208.1,94.6,"5' 3""",160
1,7,1,4,194,88.2,"5' 4""",162
0,6,3,3,150.3,68.3,"5' 8""",173
1,0,10,3,166.5,75.7,"5' 9""",175
1,1,9,4,138.4,62.9,"5' 0""",153
0,6,11,1,175.1,79.6,"6' 0""",183
1,11,6,7,122.5,55.7,"5' 3""",159
1,4,2,1,157.7,71.7,"5' 3""",159
1,7,7,0,223.7,101.7,"5' 1""",156
1,4,5,3,183.3,83.3,"5' 2""",157
0,2,1,7,210.5,95.7,"5' 10""",177
1,0,5,3,158.6,72.1,"5' 2""",158
0,2,4,7,150,68.2,"5' 9""",174
1,2,3,1,135.3,61.5,"5' 9""",174
0,7,4,3,192.7,87.6,"5' 9""",174
0,7,6,1,243.3,110.6,"5' 7""",169
0,3,4,1,212.1,96.4,"6' 0""",183
1,4,3,5,162.6,73.9,"5' 1""",154
0,7,7,3,171.2,77.8,"5' 8""",172
0,10,5,1,172.3,78.3,"5' 11""",180
0,5,10,1,148.5,67.5,"6' 0""",183
0,11,11,3,243.1,110.5,"6' 0""",183
1,11,9,7,188.8,85.8,"5' 5""",165
0,4,8,3,201.1,91.4,"5' 6""",168
0,6,8,3,138.4,62.9,"6' 0""",183
0,6,8,6,123.6,56.2,"5' 6""",168
0,3,8,3,199.3,90.6,"5' 6""",168
1,0,1,3,147,66.8,"5' 1""",154
0,4,3,3,150,68.2,"5' 9""",176
1,7,6,7,144.8,65.8,"5' 8""",173
0,6,1,1,222.6,101.2,"5' 9""",174
0,3,2,7,175.8,79.9,"5' 5""",166
1,9,9,1,121.2,55.1,"5' 1""",154
1,4,1,1,117,53.2,"5' 3""",161
0,6,10,3,163.7,74.4,"5' 7""",169
0,6,6,1,213.2,96.9,"5' 6""",167
1,2,2,1,213.8,97.2,"5' 7""",170
1,6,2,3,209.7,95.3,"5' 4""",163
0,4,9,1,155.1,70.5,"5' 7""",170
1,6,8,7,122.3,55.6,"5' 8""",172
0,4,0,1,192.5,87.5,"5' 4""",162
1,9,7,4,168.7,76.7,"5' 1""",155
1,9,8,1,176.7,80.3,"5' 4""",163
0,11,10,1,146.3,66.5,"6' 0""",184
1,8,7,1,113.1,51.4,"5' 8""",173
0,2,7,7,224.6,102.1,"5' 7""",169
0,5,5,1,159.1,72.3,"6' 0""",184
1,5,1,1,112,50.9,"5' 4""",162
1,3,8,7,193.2,87.8,"5' 4""",162
0,7,7,1,203.5,92.5,"5' 10""",179
1,3,11,1,104.7,47.6,"5' 3""",161
1,3,8,2,196,89.1,"5' 6""",167
1,3,7,7,134.6,61.2,"5' 1""",156
0,3,2,3,162.1,73.7,"5' 5""",165
0,6,8,3,191,86.8,"5' 8""",172
1,7,2,6,216.9,98.6,"5' 6""",167
0,6,6,7,194.9,88.6,"5' 6""",167
1,5,10,3,123.2,56,"5' 9""",175
0,3,11,1,236.7,107.6,"5' 10""",179
1,4,7,1,184.6,83.9,"5' 3""",161
1,1,5,1,218.9,99.5,"5' 1""",155
0,0,8,4,213.4,97,"5' 8""",173
1,5,8,7,218.5,99.3,"5' 4""",163
0,4,7,1,216.9,98.6,"5' 8""",172
0,1,5,7,167.9,76.3,"6' 2""",187
0,6,5,7,181.9,82.7,"6' 1""",186
1,1,7,0,166.1,75.5,"5' 3""",160
0,5,7,1,165.9,75.4,"6' 1""",186
1,0,7,7,207.7,94.4,"5' 3""",161
0,6,10,7,132.7,60.3,"5' 11""",181
0,4,2,7,167.4,76.1,"5' 7""",169
1,7,4,3,224.6,102.1,"5' 4""",163
0,3,3,7,246.4,112,"5' 9""",176
1,8,1,1,158.6,72.1,"5' 3""",160
0,6,3,4,215.8,98.1,"5' 9""",176
0,6,3,7,177.8,80.8,"6' 0""",183
0,6,10,7,221.1,100.5,"5' 7""",169
0,7,6,3,231,105,"5' 9""",174
0,6,9,7,124.3,56.5,"5' 8""",173
0,10,11,7,207.5,94.3,"5' 5""",164
1,9,5,1,197.1,89.6,"5' 3""",160
1,9,10,7,197.8,89.9,"4' 11""",151
0,6,9,1,246.8,112.2,"6' 0""",184
1,2,1,3,113.5,51.6,"5' 5""",165
1,6,6,7,211.9,96.3,"5' 5""",165
1,6,9,1,190.5,86.6,"5' 2""",157
1,4,8,6,180.8,82.2,"5' 2""",158
1,6,2,1,129.4,58.8,"5' 2""",157
1,5,3,3,224.4,102,"5' 9""",174
1,3,5,7,232.3,105.6,"5' 1""",156
1,7,0,0,193.4,87.9,"5' 5""",164
0,0,5,7,131.6,59.8,"5' 11""",180
1,0,4,6,226.4,102.9,"5' 3""",160
0,10,1,7,144.1,65.5,"5' 11""",181
0,9,3,7,156.6,71.2,"5' 10""",179
1,5,4,6,152,69.1,"5' 1""",156
0,7,11,0,228.8,104,"5' 10""",178
0,0,1,7,155.1,70.5,"5' 10""",178
0,6,7,3,138.8,63.1,"5' 7""",169
0,7,4,3,212.7,96.7,"5' 7""",171
0,2,9,7,200.9,91.3,"5' 6""",167
0,6,8,3,200,90.9,"5' 8""",173
0,4,11,7,150,68.2,"5' 9""",175
1,5,9,1,151.4,68.8,"5' 7""",171
1,4,7,4,155.8,70.8,"5' 0""",152
1,11,9,1,170.9,77.7,"5' 5""",165
0,7,4,0,148.3,67.4,"5' 6""",167
0,0,6,7,250.8,114,"6' 2""",187
0,6,2,7,159.5,72.5,"6' 2""",189
0,5,10,7,202,91.8,"6' 1""",185
0,4,2,1,142.3,64.7,"5' 11""",181
1,3,10,1,164.3,74.7,"5' 8""",172
0,2,2,7,154.4,70.2,"6' 1""",185
0,6,3,3,174.9,79.5,"5' 5""",166
1,6,9,7,198.4,90.2,"5' 5""",164
0,4,9,7,189.2,86,"5' 5""",164
1,4,9,7,132.7,60.3,"5' 1""",155
1,6,7,7,196.7,89.4,"5' 0""",152
1,2,10,7,145.6,66.2,"5' 5""",166
1,3,2,1,220.7,100.3,"5' 5""",165
1,1,3,3,212.3,96.5,"5' 2""",158
1,9,7,7,214.5,97.5,"5' 5""",165
1,2,4,3,147.6,67.1,"5' 5""",165
1,7,4,1,127.8,58.1,"4' 11""",150
0,4,11,4,185.2,84.2,"5' 5""",164
0,6,7,1,199.1,90.5,"5' 7""",170
0,7,11,3,232.8,105.8,"5' 11""",181
0,2,9,4,204.6,93,"5' 9""",176
1,3,4,3,108.5,49.3,"5' 4""",163
0,9,7,7,181.5,82.5,"5' 7""",170
1,2,0,7,184.8,84,"5' 6""",167
1,4,10,3,211.2,96,"5' 4""",162
1,6,8,1,166.1,75.5,"5' 8""",173
1,4,1,1,115.3,52.4,"5' 6""",168
1,8,5,0,180.2,81.9,"5' 3""",160
1,6,6,3,190.3,86.5,"5' 3""",160
0,0,4,1,206.6,93.9,"5' 11""",180
1,3,3,3,194.7,88.5,"5' 0""",152
1,5,0,3,138.6,63,"5' 9""",174
1,10,4,7,156.4,71.1,"5' 1""",154
1,3,10,7,200.6,91.2,"5' 9""",174
1,3,8,0,193.6,88,"5' 1""",155
1,6,3,7,192.7,87.6,"5' 9""",174
0,10,6,3,145.6,66.2,"5' 11""",180
0,6,6,3,144.3,65.6,"6' 0""",183
0,6,9,3,214.1,97.3,"6' 1""",185
0,2,2,7,212.1,96.4,"6' 0""",182
1,6,10,3,204.8,93.1,"5' 4""",162
1,7,5,3,130.9,59.5,"5' 5""",164
0,7,8,0,189.6,86.2,"6' 1""",185
1,6,9,6,203.7,92.6,"5' 1""",154
0,9,6,3,210.3,95.6,"5' 6""",167
0,11,11,0,192.9,87.7,"5' 5""",165
1,0,6,1,142.8,64.9,"5' 6""",167
0,6,7,7,136.2,61.9,"6' 3""",190
0,11,4,1,225.7,102.6,"5' 10""",179
1,7,5,7,204.6,93,"5' 6""",168
1,7,4,7,223.7,101.7,"5' 3""",161
1,6,1,1,127.4,57.9,"5' 3""",160
0,0,11,7,167.2,76,"5' 7""",170
0,0,1,7,226.2,102.8,"5' 6""",167
0,0,2,4,152.7,69.4,"5' 10""",178
0,7,8,3,242,110,"6' 0""",182
0,4,1,7,229.2,104.2,"5' 10""",177
0,6,8,2,172.3,78.3,"5' 5""",166
1,4,0,7,150.7,68.5,"5' 5""",166
1,5,3,3,169.4,77,"5' 8""",172
0,4,3,7,189.9,86.3,"5' 7""",170
1,0,10,1,137.9,62.7,"5' 1""",156
0,7,10,3,176.7,80.3,"6' 1""",185
1,6,1,7,117.3,53.3,"5' 5""",166
1,4,11,7,123.4,56.1,"5' 7""",170
1,0,1,7,119.9,54.5,"5' 2""",157
1,7,4,6,212.7,96.7,"5' 6""",167
1,4,6,1,154.7,70.3,"5' 5""",166
0,6,8,1,240,109.1,"6' 0""",183
0,6,9,1,170.1,77.3,"5' 9""",174
0,7,1,1,224.4,102,"5' 5""",166
0,4,4,7,162.8,74,"5' 10""",178
0,4,8,7,152,69.1,"5' 9""",176
1,11,0,3,154.9,70.4,"5' 0""",152
0,3,10,1,163,74.1,"5' 9""",176
0,6,8,3,246.4,112,"6' 0""",183
0,0,2,7,182.8,83.1,"5' 9""",176
0,10,5,7,164.1,74.6,"5' 5""",166
0,4,1,0,165.4,75.2,"5' 10""",178
1,5,10,4,198.7,90.3,"5' 4""",163
1,4,10,2,113.3,51.5,"5' 0""",152
0,3,0,7,204.6,93,"6' 0""",183
1,4,8,1,206.1,93.7,"5' 2""",157
0,0,2,3,146.5,66.6,"6' 1""",185
0,4,4,7,140.6,63.9,"6' 0""",182
1,7,9,3,144.5,65.7,"5' 5""",166
1,3,8,7,225.9,102.7,"5' 4""",162
1,9,5,7,169.4,77,"5' 1""",156
0,3,9,7,218.2,99.2,"6' 2""",189
0,3,3,7,214.3,97.4,"5' 7""",171
0,1,4,7,158.6,72.1,"6' 1""",186
1,5,10,6,132.4,60.2,"5' 5""",166
0,6,6,1,218.2,99.2,"5' 4""",162
0,6,2,3,173.6,78.9,"5' 7""",169
0,3,5,3,236.3,107.4,"5' 10""",179
0,6,1,6,231.2,105.1,"5' 7""",171
1,7,4,7,196.9,89.5,"5' 0""",153
0,4,2,7,167.6,76.2,"5' 9""",175
1,2,5,4,111.5,50.7,"5' 4""",162
0,5,1,7,237.2,107.8,"6' 2""",187
1,3,5,6,192.1,87.3,"5' 7""",169
1,6,4,2,152,69.1,"5' 3""",159
1,4,1,3,174.5,79.3,"5' 3""",161
1,3,4,3,150.7,68.5,"4' 11""",151
0,3,1,6,257.2,116.9,"5' 9""",176
1,11,5,1,212.3,96.5,"5' 7""",170
0,7,2,1,241.6,109.8,"6' 0""",184
1,3,10,7,184.6,83.9,"5' 2""",158
1,3,4,1,217.8,99,"5' 3""",160
1,9,11,1,216,98.2,"5' 1""",155
0,0,8,4,207,94.1,"5' 10""",178
0,2,8,6,234.3,106.5,"5' 9""",174
1,7,3,1,170.7,77.6,"5' 7""",170
1,6,8,7,148.3,67.4,"5' 5""",165
0,6,3,7,233.9,106.3,"5' 10""",178
0,6,1,1,224.6,102.1,"5' 7""",169
1,3,5,1,165.7,75.3,"5' 2""",158
1,3,3,3,219.1,99.6,"5' 5""",164
0,0,0,3,187.9,85.4,"6' 0""",184
1,8,1,4,229.5,104.3,"5' 5""",165
1,3,3,7,179.5,81.6,"5' 4""",163
1,8,8,7,172.3,78.3,"5' 7""",169
0,6,1,1,206.4,93.8,"6' 0""",184
1,4,3,7,160.8,73.1,"5' 5""",164
1,4,0,7,160.2,72.8,"5' 1""",154
1,6,5,1,138.6,63,"5' 3""",160
1,6,11,7,215.8,98.1,"5' 6""",167
0,8,9,3,225.3,102.4,"5' 7""",171
1,5,5,7,206.8,94,"5' 4""",162
1,4,0,7,197.3,89.7,"5' 7""",170
0,6,7,7,172.5,78.4,"5' 9""",176
1,11,5,3,121,55,"5' 3""",161
1,7,1,1,177.3,80.6,"5' 9""",174
1,10,8,1,186.6,84.8,"5' 1""",155
0,7,7,7,226.4,102.9,"5' 6""",167
0,7,1,3,132.9,60.4,"5' 7""",169
0,6,4,6,225.3,102.4,"6' 1""",186
0,3,0,3,183.5,83.4,"6' 0""",182
1,7,4,4,155.5,70.7,"5' 7""",170
0,5,4,1,130.9,59.5,"5' 6""",167
0,9,7,3,152.9,69.5,"6' 0""",183
1,1,3,3,197.3,89.7,"5' 9""",174
0,10,1,3,243.3,110.6,"5' 9""",176
1,6,5,3,115.5,52.5,"5' 0""",153
0,2,5,7,148.7,67.6,"5' 6""",168
0,7,3,1,136,61.8,"5' 9""",175
0,8,2,7,133.5,60.7,"5' 6""",168
0,7,4,3,179.7,81.7,"5' 10""",179
1,3,6,3,216.5,98.4,"5' 6""",168
1,3,11,0,163.2,74.2,"5' 5""",164
1,7,6,7,171.4,77.9,"5' 1""",155
0,9,4,3,225.5,102.5,"5' 8""",172
0,2,5,3,177.1,80.5,"5' 4""",163
1,4,5,3,147.2,66.9,"5' 7""",169
1,4,6,7,192.7,87.6,"5' 2""",157
1,6,4,6,164.3,74.7,"5' 9""",174
1,2,4,7,228.1,103.7,"5' 8""",172
0,0,3,7,224,101.8,"5' 10""",178
1,7,7,4,170.9,77.7,"5' 2""",157
0,0,10,7,205,93.2,"5' 9""",174
1,3,10,1,170.1,77.3,"5' 5""",164
1,4,10,3,197.6,89.8,"5' 6""",167
0,6,0,7,217.4,98.8,"6' 0""",184
1,2,6,1,213,96.8,"5' 9""",174
0,4,7,3,186.3,84.7,"5' 7""",169
0,7,4,7,248.2,112.8,"5' 9""",175
0,4,4,3,142.6,64.8,"5' 6""",167
0,2,2,7,163.2,74.2,"5' 10""",179
1,3,6,1,119.2,54.2,"5' 9""",175
0,6,8,7,148.1,67.3,"6' 1""",186
1,6,2,7,180.8,82.2,"5' 3""",160
1,0,4,3,180.2,81.9,"5' 8""",173
1,2,3,7,178.6,81.2,"5' 4""",162
1,2,11,7,148.9,67.7,"5' 2""",158
1,6,8,5,112.6,51.2,"5' 1""",156
0,6,10,7,249.7,113.5,"6' 1""",185
0,7,1,7,195.4,88.8,"5' 9""",176
0,7,7,7,134.9,61.3,"5' 8""",173
0,0,2,7,209.2,95.1,"5' 11""",180
1,8,7,3,189,85.9,"5' 7""",169
0,6,8,1,238.9,108.6,"5' 8""",172
0,7,7,1,133.1,60.5,"5' 10""",178
0,7,8,4,200.9,91.3,"5' 7""",169
1,7,10,3,112,50.9,"5' 3""",160
0,6,11,4,130.9,59.5,"5' 11""",181
0,0,10,7,227.9,103.6,"5' 7""",170
1,7,0,1,211.6,96.2,"5' 6""",168
0,6,5,7,213,96.8,"5' 11""",181
1,6,0,1,159.9,72.7,"5' 0""",152
1,2,2,7,198,90,"5' 5""",166
0,4,3,3,234.5,106.6,"5' 8""",172
0,4,9,3,222.9,101.3,"5' 11""",180
1,9,6,3,213,96.8,"5' 2""",157
0,5,7,3,208.1,94.6,"5' 10""",177
1,0,0,7,117.3,53.3,"5' 4""",162
1,9,7,7,145,65.9,"5' 6""",168
0,6,1,4,158,71.8,"5' 8""",172
1,6,0,0,109.6,49.8,"5' 7""",171
0,2,7,3,223.7,101.7,"6' 0""",183
1,7,8,7,196.9,89.5,"5' 1""",154
1,7,1,3,154,70,"5' 1""",155
1,7,9,1,220,100,"5' 0""",152
0,0,11,3,209.7,95.3,"5' 8""",173
1,5,11,7,127.2,57.8,"5' 5""",166
1,2,9,7,154,70,"5' 7""",169
1,4,6,3,189,85.9,"5' 3""",159
0,3,5,6,149.4,67.9,"5' 7""",170
1,4,11,3,189.9,86.3,"5' 0""",152
0,4,4,0,131.3,59.7,"5' 10""",177
1,5,9,3,175.6,79.8,"5' 0""",152
1,3,6,7,139.7,63.5,"5' 7""",169
1,7,10,1,189.6,86.2,"4' 11""",151
0,6,3,3,158.2,71.9,"5' 11""",180
0,4,5,6,154.4,70.2,"5' 8""",172
1,6,0,1,116.4,52.9,"5' 7""",169
0,0,0,7,179.3,81.5,"5' 10""",177
0,7,5,7,196.2,89.2,"6' 0""",183
0,9,8,1,144.1,65.5,"6' 0""",182
0,6,1,7,208.6,94.8,"5' 11""",180
0,3,8,4,165.2,75.1,"5' 10""",178
1,4,5,3,194.3,88.3,"5' 6""",167
1,8,7,7,159.9,72.7,"5' 5""",166
0,4,6,1,202.8,92.2,"5' 9""",174
0,8,2,4,193.8,88.1,"6' 1""",185
0,2,9,7,171.6,78,"5' 7""",171
0,9,9,1,228.1,103.7,"6' 2""",188
0,6,1,7,151.4,68.8,"6' 1""",186
0,7,2,3,202.8,92.2,"5' 7""",171
1,2,9,7,115.5,52.5,"5' 8""",173
0,4,1,0,137.9,62.7,"6' 2""",187
1,4,2,3,181.3,82.4,"5' 4""",163
0,6,5,7,141.5,64.3,"5' 9""",176
1,6,10,7,219.1,99.6,"5' 5""",164
1,3,10,7,169,76.8,"5' 1""",156
1,4,11,2,226.4,102.9,"5' 3""",161
0,4,8,3,218.2,99.2,"5' 10""",178
1,0,10,3,224.4,102,"5' 1""",154
0,6,0,5,227.7,103.5,"6' 0""",182
0,7,0,3,138.2,62.8,"6' 0""",184
0,4,2,3,180.8,82.2,"5' 10""",177
1,9,5,7,202.6,92.1,"5' 1""",156
1,3,9,3,128.5,58.4,"5' 5""",164
0,6,5,7,228.8,104,"6' 2""",187
0,3,1,7,174.2,79.2,"6' 0""",183
0,6,5,7,217.4,98.8,"5' 10""",179
0,6,1,2,135.3,61.5,"6' 1""",186
0,6,1,7,219.8,99.9,"5' 10""",178
0,5,4,4,197.6,89.8,"5' 9""",176
0,10,11,3,152.5,69.3,"6' 2""",188
1,0,2,7,227.7,103.5,"5' 6""",167
0,6,5,3,133.3,60.6,"6' 0""",182
1,9,4,0,205.7,93.5,"5' 8""",173
0,4,8,3,193.2,87.8,"5' 8""",172
1,0,2,0,214.7,97.6,"5' 1""",154
1,2,8,3,106,48.2,"5' 2""",158
1,7,7,4,125.4,57,"5' 2""",158
1,6,5,7,153.6,69.8,"5' 4""",163
0,3,8,3,209.9,95.4,"5' 11""",181
1,5,10,7,215.8,98.1,"5' 4""",163
0,10,3,1,186.3,84.7,"5' 9""",174
0,5,11,3,213.6,97.1,"5' 11""",181
0,4,7,7,203.1,92.3,"5' 7""",171
1,7,6,1,139,63.2,"5' 4""",163
1,4,5,7,176.2,80.1,"5' 1""",154
1,10,0,3,201.3,91.5,"5' 1""",154
0,7,7,7,189.4,86.1,"5' 8""",173
0,0,10,2,236.5,107.5,"5' 7""",169
0,1,8,1,218,99.1,"5' 10""",179
0,4,9,0,250.6,113.9,"5' 9""",176
1,2,5,7,170.1,77.3,"5' 2""",158
0,4,4,1,189.6,86.2,"5' 10""",178
0,10,4,7,185.9,84.5,"5' 11""",181
1,2,11,4,226.2,102.8,"5' 2""",158
1,4,4,7,171.6,78,"5' 4""",163
0,3,11,3,160.2,72.8,"5' 6""",167
0,6,2,7,198,90,"6' 0""",182
0,3,8,1,210.1,95.5,"6' 3""",190
0,2,4,3,216.9,98.6,"5' 7""",170
0,4,2,1,197.6,89.8,"5' 6""",168
0,6,5,6,183.7,83.5,"6' 3""",190
1,6,2,1,135.5,61.6,"5' 7""",169
0,7,6,4,246.4,112,"5' 7""",170
0,4,4,7,228.4,103.8,"6' 0""",183
0,6,2,7,238.7,108.5,"5' 10""",178
1,5,8,7,158,71.8,"5' 8""",173
1,6,2,0,161.9,73.6,"5' 4""",163
0,2,4,0,220.2,100.1,"5' 10""",178
1,5,2,5,121,55,"5' 7""",170
1,3,6,3,172,78.2,"5' 2""",157
1,5,10,7,111.5,50.7,"5' 1""",154
0,10,8,1,225.1,102.3,"5' 11""",180
0,3,2,7,169.2,76.9,"5' 5""",166
1,6,9,3,205,93.2,"5' 6""",167
0,11,5,4,174.5,79.3,"6' 2""",189
1,0,4,7,166.8,75.8,"5' 5""",166
0,3,6,7,224.8,102.2,"5' 8""",172
1,5,4,3,173.1,78.7,"5' 4""",163
0,5,6,7,155.8,70.8,"6' 0""",184
1,3,0,7,171.6,78,"5' 4""",163
1,6,0,4,131.3,59.7,"5' 0""",152
0,7,6,7,141.5,64.3,"6' 1""",185
1,4,1,3,150.7,68.5,"5' 7""",171
0,6,11,7,202.6,92.1,"5' 9""",175
0,5,1,7,196.9,89.5,"6' 0""",182
1,11,10,3,142.6,64.8,"5' 5""",164
1,3,4,7,136.8,62.2,"5' 3""",161
1,8,8,7,219.1,99.6,"5' 7""",171
1,7,8,7,175.1,79.6,"5' 4""",163
1,3,6,3,153.8,69.9,"5' 4""",162
1,3,6,1,130.2,59.2,"5' 3""",161
1,7,3,2,127.4,57.9,"5' 0""",153
1,7,2,1,195.8,89,"5' 2""",158
0,4,4,1,157.7,71.7,"6' 2""",187
0,2,0,3,208.3,94.7,"5' 8""",172
0,6,9,1,232.3,105.6,"5' 8""",172
0,6,9,7,251.7,114.4,"5' 10""",179
1,6,3,7,217.1,98.7,"5' 3""",160
0,9,1,7,202.2,91.9,"5' 7""",171
1,6,4,1,133.5,60.7,"5' 1""",156
1,7,5,7,114.4,52,"5' 3""",161
0,3,3,7,253.7,115.3,"6' 0""",184
1,6,6,1,227.9,103.6,"5' 5""",164
1,3,1,3,149.6,68,"5' 6""",168
0,4,4,4,149.2,67.8,"5' 9""",174
1,6,6,7,187.4,85.2,"5' 3""",159
1,6,8,4,202.4,92,"4' 11""",150
0,8,2,4,185.2,84.2,"6' 2""",187
0,3,11,3,131.3,59.7,"5' 11""",180
0,9,8,1,222.2,101,"6' 0""",183
1,4,2,7,125.4,57,"5' 4""",163
0,6,4,7,192.3,87.4,"5' 7""",171
1,7,3,7,124.3,56.5,"5' 3""",161
1,6,1,7,117,53.2,"4' 11""",150
0,6,10,7,179.3,81.5,"5' 10""",177
0,0,3,7,145,65.9,"6' 1""",185
1,2,1,7,118.1,53.7,"5' 3""",161
0,2,2,3,175.6,79.8,"6' 2""",189
0,3,0,7,147.6,67.1,"5' 8""",173
1,7,5,7,229.9,104.5,"5' 9""",174
1,4,10,4,219.8,99.9,"5' 5""",166
1,3,9,1,195.1,88.7,"5' 0""",152
0,2,1,1,193.6,88,"5' 9""",175
0,3,0,7,135.3,61.5,"5' 8""",173
0,5,7,3,190.1,86.4,"5' 8""",173
0,6,9,1,192.1,87.3,"5' 7""",170
0,7,4,4,150.7,68.5,"5' 4""",163
0,4,5,0,242.4,110.2,"5' 9""",176
1,11,2,6,128.3,58.3,"5' 7""",169
1,6,8,1,159.3,72.4,"5' 5""",166
0,3,11,7,163.2,74.2,"5' 11""",181
1,3,8,7,214.7,97.6,"5' 2""",157
0,6,0,7,136.4,62,"5' 7""",171
0,1,2,3,246,111.8,"5' 11""",180
1,9,3,3,187.2,85.1,"5' 7""",169
1,9,1,2,143.4,65.2,"5' 1""",154
1,9,7,7,132.2,60.1,"5' 7""",170
1,5,2,7,222.9,101.3,"4' 11""",151
1,9,11,7,185.7,84.4,"5' 7""",170
0,6,5,7,202.4,92,"6' 0""",184
1,4,7,1,131.8,59.9,"5' 0""",153
1,7,3,1,141,64.1,"5' 5""",166
0,0,0,3,163.2,74.2,"5' 5""",165
1,0,9,1,193.4,87.9,"5' 5""",166
1,3,11,1,148.3,67.4,"5' 0""",153
0,8,8,1,169,76.8,"6' 0""",184
1,3,0,7,167.2,76,"5' 4""",162
1,4,1,6,168.7,76.7,"5' 3""",159
0,6,10,7,150.9,68.6,"5' 11""",181
1,3,7,7,109.1,49.6,"5' 4""",163
0,8,11,3,152,69.1,"6' 0""",184
1,6,3,7,188.8,85.8,"5' 5""",166
1,3,4,1,156.4,71.1,"5' 1""",155
1,6,7,1,202,91.8,"5' 7""",170
1,11,8,7,138.2,62.8,"5' 5""",164
0,7,3,7,165.9,75.4,"6' 3""",190
1,4,3,7,221.5,100.7,"5' 4""",162
1,7,9,6,127.8,58.1,"5' 3""",159
1,6,10,1,178.4,81.1,"5' 4""",163
1,0,4,3,214.3,97.4,"5' 7""",169
0,6,1,2,230.6,104.8,"6' 2""",187
0,3,2,7,152.5,69.3,"5' 9""",174
0,6,5,4,134,60.9,"6' 0""",183
1,9,10,3,190.7,86.7,"5' 4""",162
1,1,1,3,205.5,93.4,"5' 1""",154
0,7,3,7,169.8,77.2,"5' 9""",176
1,0,9,1,226.4,102.9,"5' 3""",159
0,2,7,3,132.7,60.3,"5' 10""",179
0,2,9,2,221.5,100.7,"5' 7""",171
1,9,2,1,157.7,71.7,"5' 5""",164
0,3,8,1,182.2,82.8,"6' 1""",185
0,4,1,4,228.8,104,"5' 11""",180
0,3,6,1,125.2,56.9,"6' 3""",190
0,2,7,1,233.6,106.2,"5' 7""",171
0,7,10,3,150.3,68.3,"6' 0""",183
0,2,7,3,178.6,81.2,"5' 9""",174
1,3,4,3,169.2,76.9,"5' 1""",156
1,3,3,3,200.2,91,"5' 4""",163
0,4,2,1,175.6,79.8,"6' 0""",184
0,6,6,1,223.5,101.6,"5' 10""",178
0,4,1,7,225.3,102.4,"5' 6""",167
0,2,3,7,181.1,82.3,"5' 6""",168
0,7,6,1,218.9,99.5,"6' 0""",183
0,2,1,3,207.9,94.5,"6' 0""",182
0,0,10,1,138.8,63.1,"5' 6""",168
1,5,4,1,217.8,99,"5' 2""",157
1,7,5,7,218,99.1,"5' 3""",160
0,11,7,3,133.3,60.6,"6' 0""",183
1,6,4,3,192.3,87.4,"5' 2""",157
0,6,2,3,143,65,"6' 2""",187
0,4,3,1,152.2,69.2,"5' 10""",177
1,9,3,1,166.1,75.5,"5' 3""",160
1,4,2,1,170.3,77.4,"5' 3""",159
1,3,11,7,134.9,61.3,"5' 5""",166
0,2,10,7,166.1,75.5,"6' 0""",183
1,6,4,1,199.8,90.8,"5' 7""",170
1,6,5,7,115.1,52.3,"5' 1""",154
0,7,8,3,199.3,90.6,"5' 6""",168
1,7,0,1,169.6,77.1,"5' 7""",169
1,7,2,1,184.6,83.9,"5' 8""",173
0,7,11,1,234.7,106.7,"6' 2""",189
1,4,6,1,121.9,55.4,"5' 9""",174
0,4,4,1,201.7,91.7,"5' 8""",172
1,7,8,3,206.1,93.7,"5' 6""",167
0,4,1,1,220.7,100.3,"6' 0""",183
1,7,4,7,186.6,84.8,"5' 5""",164
0,6,9,7,238.7,108.5,"5' 6""",168
0,6,7,3,243.1,110.5,"6' 1""",186
1,6,10,6,204.4,92.9,"5' 7""",169
1,2,0,3,117.9,53.6,"5' 5""",165
0,2,0,1,201.1,91.4,"6' 1""",186
1,7,6,7,117.3,53.3,"5' 5""",165
1,3,7,3,157.3,71.5,"5' 6""",167
1,6,8,0,210.8,95.8,"5' 3""",161
0,7,11,1,178.6,81.2,"5' 8""",173
1,2,10,4,181.9,82.7,"5' 1""",156
1,6,4,3,192.3,87.4,"5' 8""",172
0,3,3,3,251.9,114.5,"5' 9""",176
0,6,9,6,158.2,71.9,"5' 8""",172
1,5,8,7,150.5,68.4,"5' 4""",163
1,3,3,3,183.5,83.4,"5' 7""",170
0,7,11,3,228.6,103.9,"6' 0""",182
0,3,2,7,158,71.8,"5' 11""",181
1,1,9,1,152.2,69.2,"5' 5""",166
0,5,7,7,234.7,106.7,"5' 9""",176
0,5,1,7,221.3,100.6,"5' 6""",168
1,4,0,1,198.2,90.1,"5' 3""",159
1,5,4,7,191.6,87.1,"5' 7""",170
0,3,3,3,134.6,61.2,"5' 11""",181
1,0,7,3,207.2,94.2,"5' 2""",157
0,4,1,3,217.4,98.8,"5' 11""",181
0,7,5,1,212.3,96.5,"5' 8""",173
0,7,5,1,156.9,71.3,"5' 10""",179
0,3,3,3,191.2,86.9,"5' 9""",176
1,7,6,7,196.9,89.5,"5' 1""",155
0,7,1,1,191.4,87,"5' 7""",170
1,6,11,4,148.7,67.6,"5' 1""",155
1,4,11,3,135.3,61.5,"5' 1""",154
1,7,4,7,189.4,86.1,"5' 7""",170
1,7,1,3,192.9,87.7,"5' 4""",162
1,6,3,0,185,84.1,"5' 1""",156
1,3,6,1,163.2,74.2,"5' 1""",155
1,6,11,3,155.1,70.5,"5' 6""",167
1,9,0,1,122.1,55.5,"5' 6""",168
1,11,2,0,196.2,89.2,"5' 1""",154
0,6,4,1,209.4,95.2,"5' 11""",181
0,6,9,1,206.8,94,"5' 7""",170
0,9,1,7,159.9,72.7,"6' 0""",182
0,9,3,7,240.9,109.5,"5' 6""",168
0,1,11,7,202.8,92.2,"5' 7""",170
0,3,2,1,155.1,70.5,"5' 7""",169
0,4,4,7,153.1,69.6,"6' 1""",185
0,9,8,1,173.6,78.9,"5' 6""",168
1,9,0,7,197.1,89.6,"5' 0""",153
1,7,10,3,143.9,65.4,"5' 2""",158
1,7,9,7,164.8,74.9,"5' 2""",157
1,3,0,4,211.6,96.2,"5' 3""",159
1,7,6,7,218.2,99.2,"5' 4""",162
0,2,8,3,203.7,92.6,"5' 10""",177
1,6,11,7,208.6,94.8,"4' 11""",151
1,7,8,3,161,73.2,"5' 6""",168
1,6,11,7,206.8,94,"5' 0""",153
1,5,6,0,173.4,78.8,"5' 1""",156
1,6,0,7,172,78.2,"5' 5""",165
0,6,6,7,183,83.2,"5' 6""",168
0,6,6,3,172,78.2,"5' 10""",177
1,6,9,4,135.1,61.4,"5' 8""",172
0,6,7,3,149.4,67.9,"6' 0""",183
1,8,3,0,132.9,60.4,"5' 1""",154
0,6,2,1,126.5,57.5,"6' 1""",186
0,4,11,7,244.4,111.1,"5' 11""",180
1,0,4,4,214.9,97.7,"5' 0""",153
1,2,4,6,139.9,63.6,"5' 5""",166
1,10,3,3,210.8,95.8,"5' 2""",158
1,7,6,7,114.2,51.9,"5' 8""",172
1,7,9,2,198,90,"5' 1""",155
0,6,3,7,164.6,74.8,"5' 10""",177
0,5,0,3,157.7,71.7,"5' 8""",173
1,6,5,7,187.4,85.2,"5' 3""",160
0,6,0,7,217.6,98.9,"6' 0""",184
0,7,6,7,246,111.8,"6' 0""",184
0,6,6,7,198,90,"6' 0""",183
1,3,6,7,122.3,55.6,"5' 1""",154
0,2,11,3,233.9,106.3,"5' 11""",181
1,5,11,0,209.9,95.4,"5' 4""",163
1,3,3,7,171.4,77.9,"5' 1""",156
0,11,10,6,177.5,80.7,"5' 9""",174
1,2,10,0,108.2,49.2,"5' 9""",175
0,3,4,1,146.5,66.6,"5' 9""",176
1,6,11,1,137.9,62.7,"5' 4""",162
0,2,3,4,215.4,97.9,"6' 0""",182
1,3,4,0,195.1,88.7,"5' 6""",168
0,4,3,3,233.2,106,"5' 10""",177
1,2,6,1,221.8,100.8,"5' 3""",161
0,3,1,7,129.8,59,"6' 1""",185
0,3,5,7,133.3,60.6,"5' 11""",181
0,3,8,1,146.1,66.4,"5' 10""",179
0,4,1,3,176.7,80.3,"5' 5""",165
1,9,10,1,225.9,102.7,"5' 0""",152
1,6,2,7,126.7,57.6,"5' 1""",156
0,9,10,1,242.9,110.4,"5' 8""",173
1,2,4,1,228.6,103.9,"5' 1""",156
0,8,4,1,178.9,81.3,"5' 10""",179
0,7,1,0,156.9,71.3,"5' 8""",173
0,6,11,1,230.8,104.9,"5' 8""",172
1,3,4,7,169.8,77.2,"5' 3""",159
1,7,5,4,174.2,79.2,"5' 9""",175
0,5,11,4,156.6,71.2,"5' 11""",180
1,7,11,7,213.4,97,"5' 9""",175
1,6,7,3,213.8,97.2,"5' 7""",169
1,0,8,1,234.3,106.5,"5' 7""",170
1,6,9,0,231.7,105.3,"5' 5""",164
1,4,3,3,134.2,61,"5' 5""",164
1,7,8,1,172,78.2,"5' 5""",165
1,9,6,3,114.6,52.1,"5' 1""",154
1,7,5,3,162.1,73.7,"5' 5""",166
0,7,11,7,227.7,103.5,"5' 10""",179
0,6,7,1,194,88.2,"6' 0""",183
1,0,9,1,122.8,55.8,"5' 7""",169
0,6,4,6,210.1,95.5,"5' 7""",169
0,7,0,1,198.4,90.2,"5' 8""",173
0,4,1,6,207.7,94.4,"6' 2""",187
0,3,5,7,171.2,77.8,"5' 6""",167
1,5,1,3,128.7,58.5,"5' 7""",169
1,3,2,3,113.7,51.7,"5' 6""",168
0,6,4,4,225.9,102.7,"5' 8""",172
0,7,3,3,230.3,104.7,"5' 9""",175
1,4,9,4,179.5,81.6,"5' 7""",171
1,4,4,6,214.1,97.3,"5' 4""",163
1,3,11,7,137.5,62.5,"5' 7""",169
1,6,2,7,221.5,100.7,"5' 3""",160
0,7,0,0,240.5,109.3,"6' 0""",184
0,4,10,7,126.7,57.6,"5' 6""",167
1,3,9,7,180.2,81.9,"5' 9""",174
0,11,0,3,216.5,98.4,"5' 7""",171
0,3,7,7,170.1,77.3,"5' 10""",177
1,4,3,7,135.3,61.5,"5' 0""",153
1,9,3,7,174.7,79.4,"5' 1""",154
0,6,9,6,193.6,88,"6' 1""",186
1,11,10,1,132.7,60.3,"5' 4""",162
0,9,4,1,191,86.8,"5' 7""",170
1,7,9,3,144.1,65.5,"5' 1""",156
1,8,9,6,121.9,55.4,"5' 2""",157
1,0,4,1,163.9,74.5,"5' 8""",173
1,8,10,7,154.4,70.2,"5' 4""",162
0,4,7,3,217.4,98.8,"5' 7""",169
0,6,3,1,148.3,67.4,"5' 8""",172
1,6,11,1,120.8,54.9,"5' 4""",163
0,7,4,3,174,79.1,"6' 3""",190
0,5,10,7,167.4,76.1,"6' 0""",184
1,3,4,0,211.9,96.3,"5' 7""",171
1,4,3,7,194.3,88.3,"5' 4""",162
1,6,7,4,237.6,108,"5' 2""",158
0,6,8,7,174.5,79.3,"6' 2""",187
0,7,1,3,159.1,72.3,"5' 10""",177
1,2,6,1,215.6,98,"5' 1""",156
0,0,6,1,216.9,98.6,"5' 7""",171
0,10,7,6,177.8,80.8,"5' 9""",176
0,4,7,1,214.1,97.3,"5' 10""",177
0,9,3,1,220.4,100.2,"5' 10""",177
0,7,2,3,215.6,98,"6' 0""",182
0,6,9,7,141.7,64.4,"5' 7""",170
0,7,0,3,212.7,96.7,"5' 6""",168
0,7,3,1,147.6,67.1,"5' 7""",169
0,4,6,1,164.3,74.7,"5' 5""",165
1,4,10,1,178,80.9,"5' 1""",156
1,6,5,6,222.6,101.2,"5' 3""",161
1,7,6,1,209.7,95.3,"5' 5""",164
0,6,3,1,125,56.8,"6' 1""",185
1,7,11,3,227,103.2,"5' 4""",163
0,4,5,1,246.2,111.9,"5' 10""",177
0,2,6,1,185,84.1,"5' 10""",177
1,9,0,7,232.3,105.6,"5' 8""",172
0,4,7,3,204.4,92.9,"5' 5""",166
1,6,9,1,188.3,85.6,"4' 11""",151
1,3,10,1,130.9,59.5,"5' 3""",160
1,10,1,7,125.6,57.1,"5' 1""",155
1,6,6,3,152.5,69.3,"5' 7""",170
1,6,5,1,169.6,77.1,"5' 3""",161
0,11,11,6,221.3,100.6,"6' 0""",183
0,5,10,3,145.9,66.3,"5' 8""",172
0,7,8,1,233.2,106,"6' 1""",186
0,7,2,1,164.8,74.9,"6' 0""",182
0,8,1,7,156.6,71.2,"5' 5""",166
0,8,5,7,239.4,108.8,"5' 9""",174
1,10,4,7,197.1,89.6,"5' 8""",172
0,9,2,7,184.4,83.8,"5' 6""",168
0,4,9,7,215.8,98.1,"5' 10""",178
0,5,9,7,219.8,99.9,"5' 5""",164
1,3,6,0,162.4,73.8,"5' 3""",160
1,6,9,7,225.5,102.5,"5' 9""",174
0,6,2,3,172.3,78.3,"5' 7""",170
1,10,2,3,224.8,102.2,"5' 5""",166
0,5,10,7,227.5,103.4,"5' 11""",180
1,1,2,1,230.8,104.9,"5' 1""",156
1,7,1,3,174.5,79.3,"5' 2""",157
1,4,10,1,193.4,87.9,"5' 0""",152
1,6,4,7,154.9,70.4,"5' 0""",152
0,6,0,3,151.1,68.7,"5' 8""",173
1,0,11,1,190.7,86.7,"5' 1""",155
1,7,7,7,161.3,73.3,"5' 1""",155
0,1,7,7,217.4,98.8,"5' 6""",168
1,6,9,1,101.2,46,"5' 3""",161
0,2,11,7,196,89.1,"5' 8""",173
0,3,11,1,153.3,69.7,"5' 10""",179
0,3,11,7,188.5,85.7,"5' 6""",168
0,4,5,1,187.2,85.1,"6' 0""",183
0,2,7,3,182.4,82.9,"5' 8""",172
1,4,1,7,229,104.1,"5' 3""",161
1,6,1,1,201.1,91.4,"5' 4""",163
0,3,5,7,226.4,102.9,"5' 11""",180
1,6,0,7,209.2,95.1,"5' 7""",170
0,10,6,7,165.2,75.1,"6' 2""",188
1,0,10,7,174.2,79.2,"5' 7""",170
1,7,0,3,207,94.1,"5' 3""",161
0,7,2,7,183.7,83.5,"5' 7""",169
0,6,3,7,189.4,86.1,"5' 10""",178
0,6,9,7,178.4,81.1,"5' 6""",168
0,4,1,3,139.5,63.4,"5' 9""",174
0,7,4,4,168.1,76.4,"5' 10""",179
0,10,0,7,178.2,81,"5' 8""",172
0,7,4,7,156.9,71.3,"5' 8""",173
1,11,0,3,161.3,73.3,"5' 2""",158
0,3,8,7,207.7,94.4,"5' 9""",176
0,4,4,4,139,63.2,"5' 9""",174
0,4,9,3,224.2,101.9,"5' 11""",181
0,6,8,1,152.2,69.2,"5' 9""",176
1,5,11,1,178.9,81.3,"4' 11""",150
1,4,3,1,110.9,50.4,"4' 11""",151
0,3,10,7,148.9,67.7,"6' 2""",188
0,3,9,7,190.5,86.6,"5' 8""",173
1,6,1,0,197.3,89.7,"5' 7""",169
1,4,8,3,150.5,68.4,"5' 6""",168
1,6,9,4,228.4,103.8,"5' 3""",161
0,4,3,1,191.6,87.1,"5' 9""",176
1,11,1,1,188.8,85.8,"5' 0""",153
0,10,0,1,190.3,86.5,"5' 11""",181
1,6,5,3,198.2,90.1,"5' 2""",158
0,4,3,3,194,88.2,"5' 6""",167
1,10,4,1,189.4,86.1,"5' 3""",160
0,4,8,7,151.4,68.8,"6' 2""",189
1,6,6,3,167.4,76.1,"4' 11""",150
0,6,4,6,216.9,98.6,"5' 11""",180
0,0,3,7,230.3,104.7,"6' 0""",183
1,0,1,7,219.1,99.6,"5' 2""",157
0,6,6,6,145.4,66.1,"5' 4""",162
0,6,8,7,194.3,88.3,"5' 8""",172
1,5,9,1,202.4,92,"5' 3""",159
1,7,5,1,225.9,102.7,"5' 3""",159
0,7,10,4,223.3,101.5,"5' 10""",177
1,6,6,3,203.9,92.7,"5' 5""",164
1,7,1,7,167.9,76.3,"5' 9""",175
0,4,11,3,223.3,101.5,"5' 10""",179
1,0,7,4,121.4,55.2,"5' 9""",175
1,7,1,7,150.5,68.4,"5' 1""",155
0,4,4,7,215.6,98,"5' 7""",171
0,6,6,3,160.6,73,"6' 1""",185
1,10,3,1,173.6,78.9,"4' 11""",151
1,6,8,7,222.4,101.1,"5' 7""",171
1,8,1,1,121,55,"5' 9""",174
0,6,10,7,238,108.2,"5' 7""",170
1,7,0,7,168.5,76.6,"5' 1""",154
1,8,5,0,207.5,94.3,"5' 7""",169
1,1,6,0,134.9,61.3,"5' 3""",161
0,10,9,7,233.9,106.3,"5' 6""",168
0,4,2,3,155.1,70.5,"5' 6""",167
1,6,10,4,192.9,87.7,"5' 3""",159
1,8,9,1,134.6,61.2,"5' 7""",170
0,4,6,1,186.1,84.6,"5' 10""",179
1,7,4,3,203.5,92.5,"5' 1""",154
0,7,10,1,212.1,96.4,"5' 9""",176
0,10,4,7,191,86.8,"5' 9""",175
1,2,9,7,116.2,52.8,"5' 1""",155
1,7,6,7,110.7,50.3,"5' 4""",162
0,0,5,7,172.7,78.5,"6' 0""",184
0,5,7,3,176.7,80.3,"5' 7""",169
1,10,10,3,198,90,"5' 6""",167
1,0,0,0,135.1,61.4,"5' 3""",159
1,6,7,4,185.5,84.3,"5' 5""",164
0,4,9,3,176,80,"5' 11""",180
1,6,8,7,134.9,61.3,"5' 7""",169
0,7,3,7,159.9,72.7,"5' 8""",172
0,3,6,4,141,64.1,"5' 7""",170
0,4,2,3,220.2,100.1,"5' 7""",169
1,11,0,1,185.2,84.2,"5' 6""",168
1,0,6,7,117.7,53.5,"5' 3""",159
0,0,3,7,169,76.8,"5' 11""",181
1,2,0,3,119,54.1,"5' 5""",166
1,6,1,7,168.1,76.4,"5' 5""",165
1,7,3,7,144.8,65.8,"5' 3""",160
1,3,9,1,236.1,107.3,"5' 6""",167
